sigma,beta_1,log10_obj_cr
0.0,-0.011027394512255966,nan
0.058823529411764705,-0.011027394512255966,nan
0.11764705882352941,-0.011027394512255966,nan
0.1764705882352941,-0.011027394512255966,nan
0.23529411764705882,-0.011027394512255966,nan
0.29411764705882354,-0.011027394512255966,nan
0.3529411764705882,-0.011027394512255966,nan
0.4117647058823529,-0.011027394512255966,nan
0.47058823529411764,-0.011027394512255966,nan
0.5294117647058824,-0.011027394512255966,nan
0.5882352941176471,-0.011027394512255966,nan
0.6470588235294118,-0.011027394512255966,nan
0.7058823529411764,-0.011027394512255966,nan
0.7647058823529411,-0.011027394512255966,nan
0.8235294117647058,-0.011027394512255966,nan
0.8823529411764706,-0.011027394512255966,nan
0.9411764705882353,-0.011027394512255966,nan
1.0,-0.011027394512255966,nan
0.0,0.009281104420705396,1.22628443850616
0.058823529411764705,0.009281104420705396,1.1751122153253002
0.11764705882352941,0.009281104420705396,1.1222533311299483
0.1764705882352941,0.009281104420705396,1.068162237555539
0.23529411764705882,0.009281104420705396,1.0135961873858508
0.29411764705882354,0.009281104420705396,0.9597344567754335
0.3529411764705882,0.009281104420705396,0.908306517049897
0.4117647058823529,0.009281104420705396,0.8616848350188832
0.47058823529411764,0.009281104420705396,0.8228554087087228
0.5294117647058824,0.009281104420705396,0.7951483718344649
0.5882352941176471,0.009281104420705396,0.7816554840579863
0.6470588235294118,0.009281104420705396,0.7844401110311063
0.7058823529411764,0.009281104420705396,0.8038833274282534
0.7647058823529411,0.009281104420705396,0.8385526524525562
0.8235294117647058,0.009281104420705396,0.8856795975458849
0.8823529411764706,0.009281104420705396,0.9419457117289463
0.9411764705882353,0.009281104420705396,1.00417671152974
1.0,0.009281104420705396,1.0697375322198797
0.0,0.029589603353666758,1.6598494869057954
0.058823529411764705,0.029589603353666758,1.6392402225930447
0.11764705882352941,0.029589603353666758,1.6179977191154395
0.1764705882352941,0.029589603353666758,1.5960908618068752
0.23529411764705882,0.029589603353666758,1.5734867161188952
0.29411764705882354,0.029589603353666758,1.5501504722383381
0.3529411764705882,0.029589603353666758,1.52604541400578
0.4117647058823529,0.029589603353666758,1.5011329241110944
0.47058823529411764,0.029589603353666758,1.4753725420494606
0.5294117647058824,0.029589603353666758,1.448722097475056
0.5882352941176471,0.029589603353666758,1.421137949973114
0.6470588235294118,0.029589603353666758,1.3925753777508154
0.7058823529411764,0.029589603353666758,1.3629891733780777
0.7647058823529411,0.029589603353666758,nan
0.8235294117647058,0.029589603353666758,1.3005682985846825
0.8823529411764706,0.029589603353666758,1.2676508472305454
0.9411764705882353,0.029589603353666758,1.2335485832598723
1.0,0.029589603353666758,1.1982375463956805
0.0,0.049898102286628124,1.8060381381241042
0.058823529411764705,0.049898102286628124,1.7935299363589963
0.11764705882352941,0.049898102286628124,1.780765194642936
0.1764705882352941,0.049898102286628124,1.767735188394737
0.23529411764705882,0.049898102286628124,1.7544307859734884
0.29411764705882354,0.049898102286628124,1.7408424263653333
0.3529411764705882,0.049898102286628124,1.7269600957191833
0.4117647058823529,0.049898102286628124,1.7127733028602898
0.47058823529411764,0.049898102286628124,1.6982710535257814
0.5294117647058824,0.049898102286628124,1.683441823758105
0.5882352941176471,0.049898102286628124,1.6682735322802211
0.6470588235294118,0.049898102286628124,1.6527535121119674
0.7058823529411764,0.049898102286628124,1.6368684816236436
0.7647058823529411,0.049898102286628124,1.6206045153534687
0.8235294117647058,0.049898102286628124,1.6039470149623851
0.8823529411764706,0.049898102286628124,1.5868806809205838
0.9411764705882353,0.049898102286628124,1.5693894856550004
1.0,0.049898102286628124,1.5514566491404442
0.0,0.07020660121958948,1.8819565862806729
0.058823529411764705,0.07020660121958948,1.872987684259641
0.11764705882352941,0.07020660121958948,1.86388055358153
0.1764705882352941,0.07020660121958948,1.8546316560245821
0.23529411764705882,0.07020660121958948,nan
0.29411764705882354,0.07020660121958948,nan
0.3529411764705882,0.07020660121958948,1.8259970403736199
0.4117647058823529,0.07020660121958948,nan
0.47058823529411764,0.07020660121958948,1.806127610790701
0.5294117647058824,0.07020660121958948,nan
0.5882352941176471,0.07020660121958948,nan
0.6470588235294118,0.07020660121958948,nan
0.7058823529411764,0.07020660121958948,nan
0.7647058823529411,0.07020660121958948,nan
0.8235294117647058,0.07020660121958948,nan
0.8823529411764706,0.07020660121958948,nan
0.9411764705882353,0.07020660121958948,nan
1.0,0.07020660121958948,nan
0.0,0.09051510015255083,1.9293396219723586
0.058823529411764705,0.09051510015255083,1.9223471121467453
0.11764705882352941,0.09051510015255083,nan
0.1764705882352941,0.09051510015255083,nan
0.23529411764705882,0.09051510015255083,1.9008433853320565
0.29411764705882354,0.09051510015255083,1.893493992754792
0.3529411764705882,0.09051510015255083,1.8860506819752072
0.4117647058823529,0.09051510015255083,nan
0.47058823529411764,0.09051510015255083,1.8708742844725952
0.5294117647058824,0.09051510015255083,1.8631370363819038
0.5882352941176471,0.09051510015255083,nan
0.6470588235294118,0.09051510015255083,1.8473535619354358
0.7058823529411764,0.09051510015255083,nan
0.7647058823529411,0.09051510015255083,nan
0.8235294117647058,0.09051510015255083,nan
0.8823529411764706,0.09051510015255083,nan
0.9411764705882353,0.09051510015255083,nan
1.0,0.09051510015255083,nan
0.0,0.1108235990855122,1.9620675206172156
0.058823529411764705,0.1108235990855122,nan
0.11764705882352941,0.1108235990855122,1.9505445909234318
0.1764705882352941,0.1108235990855122,nan
0.23529411764705882,0.1108235990855122,1.9387803291226826
0.29411764705882354,0.1108235990855122,nan
0.3529411764705882,0.1108235990855122,nan
0.4117647058823529,0.1108235990855122,nan
0.47058823529411764,0.1108235990855122,nan
0.5294117647058824,0.1108235990855122,nan
0.5882352941176471,0.1108235990855122,nan
0.6470588235294118,0.1108235990855122,nan
0.7058823529411764,0.1108235990855122,nan
0.7647058823529411,0.1108235990855122,nan
0.8235294117647058,0.1108235990855122,nan
0.8823529411764706,0.1108235990855122,nan
0.9411764705882353,0.1108235990855122,nan
1.0,0.1108235990855122,nan
0.0,0.1311320980184736,1.9861816343084178
0.058823529411764705,0.1311320980184736,nan
0.11764705882352941,0.1311320980184736,nan
0.1764705882352941,0.1311320980184736,nan
0.23529411764705882,0.1311320980184736,1.9664890356953253
0.29411764705882354,0.1311320980184736,1.961454565234099
0.3529411764705882,0.1311320980184736,nan
0.4117647058823529,0.1311320980184736,nan
0.47058823529411764,0.1311320980184736,nan
0.5294117647058824,0.1311320980184736,nan
0.5882352941176471,0.1311320980184736,nan
0.6470588235294118,0.1311320980184736,nan
0.7058823529411764,0.1311320980184736,nan
0.7647058823529411,0.1311320980184736,nan
0.8235294117647058,0.1311320980184736,nan
0.8823529411764706,0.1311320980184736,nan
0.9411764705882353,0.1311320980184736,nan
1.0,0.1311320980184736,nan
0.0,0.15144059695143494,nan
0.058823529411764705,0.15144059695143494,nan
0.11764705882352941,0.15144059695143494,nan
0.1764705882352941,0.15144059695143494,1.992018907822764
0.23529411764705882,0.15144059695143494,nan
0.29411764705882354,0.15144059695143494,nan
0.3529411764705882,0.15144059695143494,nan
0.4117647058823529,0.15144059695143494,nan
0.47058823529411764,0.15144059695143494,nan
0.5294117647058824,0.15144059695143494,nan
0.5882352941176471,0.15144059695143494,nan
0.6470588235294118,0.15144059695143494,nan
0.7058823529411764,0.15144059695143494,nan
0.7647058823529411,0.15144059695143494,nan
0.8235294117647058,0.15144059695143494,nan
0.8823529411764706,0.15144059695143494,nan
0.9411764705882353,0.15144059695143494,nan
1.0,0.15144059695143494,nan
0.0,0.1717490958843963,nan
0.058823529411764705,0.1717490958843963,nan
0.11764705882352941,0.1717490958843963,nan
0.1764705882352941,0.1717490958843963,nan
0.23529411764705882,0.1717490958843963,nan
0.29411764705882354,0.1717490958843963,nan
0.3529411764705882,0.1717490958843963,nan
0.4117647058823529,0.1717490958843963,nan
0.47058823529411764,0.1717490958843963,nan
0.5294117647058824,0.1717490958843963,nan
0.5882352941176471,0.1717490958843963,nan
0.6470588235294118,0.1717490958843963,nan
0.7058823529411764,0.1717490958843963,nan
0.7647058823529411,0.1717490958843963,nan
0.8235294117647058,0.1717490958843963,nan
0.8823529411764706,0.1717490958843963,nan
0.9411764705882353,0.1717490958843963,nan
1.0,0.1717490958843963,nan
0.0,0.19205759481735765,nan
0.058823529411764705,0.19205759481735765,nan
0.11764705882352941,0.19205759481735765,nan
0.1764705882352941,0.19205759481735765,nan
0.23529411764705882,0.19205759481735765,2.018196643336427
0.29411764705882354,0.19205759481735765,nan
0.3529411764705882,0.19205759481735765,nan
0.4117647058823529,0.19205759481735765,nan
0.47058823529411764,0.19205759481735765,2.0043792084284138
0.5294117647058824,0.19205759481735765,nan
0.5882352941176471,0.19205759481735765,nan
0.6470588235294118,0.19205759481735765,nan
0.7058823529411764,0.19205759481735765,nan
0.7647058823529411,0.19205759481735765,nan
0.8235294117647058,0.19205759481735765,nan
0.8823529411764706,0.19205759481735765,nan
0.9411764705882353,0.19205759481735765,nan
1.0,0.19205759481735765,nan
0.0,0.21236609375031903,nan
0.058823529411764705,0.21236609375031903,nan
0.11764705882352941,0.21236609375031903,nan
0.1764705882352941,0.21236609375031903,nan
0.23529411764705882,0.21236609375031903,nan
0.29411764705882354,0.21236609375031903,nan
0.3529411764705882,0.21236609375031903,nan
0.4117647058823529,0.21236609375031903,nan
0.47058823529411764,0.21236609375031903,nan
0.5294117647058824,0.21236609375031903,nan
0.5882352941176471,0.21236609375031903,nan
0.6470588235294118,0.21236609375031903,nan
0.7058823529411764,0.21236609375031903,nan
0.7647058823529411,0.21236609375031903,nan
0.8235294117647058,0.21236609375031903,nan
0.8823529411764706,0.21236609375031903,nan
0.9411764705882353,0.21236609375031903,nan
1.0,0.21236609375031903,nan
0.0,0.2326745926832804,nan
0.058823529411764705,0.2326745926832804,2.047546339900979
0.11764705882352941,0.2326745926832804,nan
0.1764705882352941,0.2326745926832804,2.041979895521193
0.23529411764705882,0.2326745926832804,2.039174561685418
0.29411764705882354,0.2326745926832804,nan
0.3529411764705882,0.2326745926832804,nan
0.4117647058823529,0.2326745926832804,nan
0.47058823529411764,0.2326745926832804,nan
0.5294117647058824,0.2326745926832804,nan
0.5882352941176471,0.2326745926832804,nan
0.6470588235294118,0.2326745926832804,nan
0.7058823529411764,0.2326745926832804,nan
0.7647058823529411,0.2326745926832804,nan
0.8235294117647058,0.2326745926832804,nan
0.8823529411764706,0.2326745926832804,nan
0.9411764705882353,0.2326745926832804,nan
1.0,0.2326745926832804,nan
0.0,0.2529830916162417,2.057656673038505
0.058823529411764705,0.2529830916162417,2.0551140190713615
0.11764705882352941,0.2529830916162417,nan
0.1764705882352941,0.2529830916162417,nan
0.23529411764705882,0.2529830916162417,nan
0.29411764705882354,0.2529830916162417,nan
0.3529411764705882,0.2529830916162417,nan
0.4117647058823529,0.2529830916162417,nan
0.47058823529411764,0.2529830916162417,nan
0.5294117647058824,0.2529830916162417,nan
0.5882352941176471,0.2529830916162417,nan
0.6470588235294118,0.2529830916162417,nan
0.7058823529411764,0.2529830916162417,nan
0.7647058823529411,0.2529830916162417,nan
0.8235294117647058,0.2529830916162417,nan
0.8823529411764706,0.2529830916162417,nan
0.9411764705882353,0.2529830916162417,nan
1.0,0.2529830916162417,nan
0.0,0.2732915905492031,2.064045267997201
0.058823529411764705,0.2732915905492031,2.061689070558461
0.11764705882352941,0.2732915905492031,nan
0.1764705882352941,0.2732915905492031,nan
0.23529411764705882,0.2732915905492031,nan
0.29411764705882354,0.2732915905492031,nan
0.3529411764705882,0.2732915905492031,nan
0.4117647058823529,0.2732915905492031,nan
0.47058823529411764,0.2732915905492031,nan
0.5294117647058824,0.2732915905492031,nan
0.5882352941176471,0.2732915905492031,nan
0.6470588235294118,0.2732915905492031,nan
0.7058823529411764,0.2732915905492031,nan
0.7647058823529411,0.2732915905492031,nan
0.8235294117647058,0.2732915905492031,nan
0.8823529411764706,0.2732915905492031,nan
0.9411764705882353,0.2732915905492031,nan
1.0,0.2732915905492031,nan
0.0,0.29360008948216443,nan
0.058823529411764705,0.29360008948216443,nan
0.11764705882352941,0.29360008948216443,nan
0.1764705882352941,0.29360008948216443,nan
0.23529411764705882,0.29360008948216443,nan
0.29411764705882354,0.29360008948216443,2.0585837713019637
0.3529411764705882,0.29360008948216443,nan
0.4117647058823529,0.29360008948216443,nan
0.47058823529411764,0.29360008948216443,nan
0.5294117647058824,0.29360008948216443,nan
0.5882352941176471,0.29360008948216443,nan
0.6470588235294118,0.29360008948216443,nan
0.7058823529411764,0.29360008948216443,nan
0.7647058823529411,0.29360008948216443,nan
0.8235294117647058,0.29360008948216443,nan
0.8823529411764706,0.29360008948216443,nan
0.9411764705882353,0.29360008948216443,nan
1.0,0.29360008948216443,nan
0.0,0.3139085884151258,nan
0.058823529411764705,0.3139085884151258,nan
0.11764705882352941,0.3139085884151258,nan
0.1764705882352941,0.3139085884151258,nan
0.23529411764705882,0.3139085884151258,nan
0.29411764705882354,0.3139085884151258,nan
0.3529411764705882,0.3139085884151258,nan
0.4117647058823529,0.3139085884151258,nan
0.47058823529411764,0.3139085884151258,nan
0.5294117647058824,0.3139085884151258,2.05582565026764
0.5882352941176471,0.3139085884151258,nan
0.6470588235294118,0.3139085884151258,nan
0.7058823529411764,0.3139085884151258,nan
0.7647058823529411,0.3139085884151258,nan
0.8235294117647058,0.3139085884151258,nan
0.8823529411764706,0.3139085884151258,nan
0.9411764705882353,0.3139085884151258,nan
1.0,0.3139085884151258,nan
0.0,0.3342170873480872,nan
0.058823529411764705,0.3342170873480872,2.0771187842823577
0.11764705882352941,0.3342170873480872,2.0751797215814523
0.1764705882352941,0.3342170873480872,nan
0.23529411764705882,0.3342170873480872,nan
0.29411764705882354,0.3342170873480872,nan
0.3529411764705882,0.3342170873480872,nan
0.4117647058823529,0.3342170873480872,nan
0.47058823529411764,0.3342170873480872,nan
0.5294117647058824,0.3342170873480872,nan
0.5882352941176471,0.3342170873480872,nan
0.6470588235294118,0.3342170873480872,nan
0.7058823529411764,0.3342170873480872,nan
0.7647058823529411,0.3342170873480872,nan
0.8235294117647058,0.3342170873480872,nan
0.8823529411764706,0.3342170873480872,nan
0.9411764705882353,0.3342170873480872,nan
1.0,0.3342170873480872,nan
