sigma,Lp,Obj_mass,Obj_concentration,Obj_retentate_concentration,Obj_permeate_conductivity,Obj_retentate_conductivity
0.0,2.7411254895169916,2.9590797171639203,1.8929538880082448,4.26471585506299,2.6865888910746474,1.3404840725715241
0.0,2.990318715836718,2.88745367364972,1.9096424642990264,4.324329104347096,2.7342453436743783,1.2388539985927127
0.0,3.2395119421564447,2.811107583702069,1.9279942947385047,4.401996272610415,2.780321471102307,1.327104857055849
0.0,3.488705168476171,2.7298623155348043,1.9486071647894516,4.48877925862457,2.824799153911697,1.5234670364853526
0.0,3.7378983947958977,2.6438325755207615,1.971839888546939,4.57830584720633,2.867752424586591,1.728610057538981
0.0,3.987091621115624,2.5537294399752604,1.9978494258608506,4.66673066924685,2.909290208401579,1.9110893541938696
0.0,4.236284847435351,2.461388429574871,2.026626775204781,4.752016812556868,2.949529459768329,2.0683635649157988
0.0,4.485478073755077,2.3705958686806556,2.058033350249064,4.833241791748683,2.9885830411751915,2.2041926598973554
0.0,4.734671300074804,2.2880875164648846,2.09183705941866,4.910113502828931,3.0265547690815504,2.322728444364108
0.0,4.98386452639453,2.2239513751230437,2.127746130051316,4.982674222120448,3.063537909951135,2.427384364208886
0.0,0.2491932263197265,3.4859852182911153,2.3209806348424795,4.810760068800551,3.2989227827140684,2.7831042107494617
0.0,0.498386452639453,3.444644180166958,1.835668328891257,4.735635446032502,2.904664867959422,2.696604595308081
0.0,0.7475796789591795,3.401363398197379,1.6898749977261058,4.656216261378351,2.651815188512388,2.6028437083176685
0.0,0.996772905278906,3.355967391254657,1.7066936755738293,4.573306145053281,2.513371149731269,2.500231973534859
0.0,1.2459661315986326,3.308258962617011,1.7513228386930857,4.4886304886662725,2.4617870571901044,2.386708304442115
0.05263157894736842,0.2491932263197265,3.4859946947243383,2.321020446532619,4.8107720298928465,3.2989587957202526,2.7831179954341168
0.05263157894736842,0.498386452639453,3.444678098827519,1.83567230011709,4.735675784740456,2.9047439063353617,2.696652309288996
0.05263157894736842,0.7475796789591795,3.4014391597482003,1.689756386663773,4.65630069052361,2.651951305408364,2.602948946826699
0.05263157894736842,0.996772905278906,3.356105764162286,1.7065086858830913,4.573447961239233,2.513595265526091,2.5004254661707845
0.05263157894736842,1.2459661315986326,3.3084846271421893,1.7511251085634596,4.488833749135897,2.462121037503185,2.3870309407487795
0.0,1.495159357918359,3.2580164991379337,1.7900438889585908,4.40552034171719,2.46447882615999,2.2596045740108344
0.0,1.7443525842380856,3.204991347970594,1.8196035119348082,4.329673883290842,2.4954963801568244,2.115486803956589
0.0,1.993545810557812,3.1489057108477736,1.8422754464275983,4.269471483549494,2.5393018956361555,1.9501811087735266
0.0,2.2427390368775386,3.089451917418429,1.8607037441215035,4.234685441252399,2.5879233391794947,1.759841763414964
0.0,2.491932263197265,3.0262947214632376,1.8770482152570176,4.2327803284239565,2.6375828306272524,1.5466092066064658
0.05263157894736842,1.495159357918359,3.2583586453337388,1.789860043198901,4.405766358719917,2.464921503163181,2.2601110084599507
0.05263157894736842,1.7443525842380856,3.2054843310934675,1.819450165953573,4.32990006164153,2.4960319313035355,2.1162486835394683
0.05263157894736842,1.993545810557812,3.14958970918922,1.8421659890087245,4.2695502089551285,2.539910449386912,1.9512837943491905
0.05263157894736842,2.2427390368775386,3.090373472788639,1.8606497974395333,4.23442824525479,2.588585643892809,1.7613465269190256
0.05263157894736842,2.491932263197265,3.027506917174006,1.877059269169887,4.231994300807863,2.638281234200488,1.5483653211216406
0.05263157894736842,2.7411254895169916,2.9606415035594527,1.8930363082829684,4.263287180757227,2.6873071019780554,1.341477839740147
0.05263157894736842,2.990318715836718,2.8894273778348287,1.9097983629300568,4.3222580901998535,2.7349679836024667,1.2367607068687243
0.05263157894736842,3.2395119421564447,2.8135527339019992,1.9282205505856624,4.399360756251147,2.7810336950041425,1.3216806863866362
0.05263157894736842,3.488705168476171,2.732822212487394,1.9488948011122726,4.485678215059636,2.8254863741856315,1.5169593601072824
0.05263157894736842,3.7378983947958977,2.6473070198963153,1.972173935174545,4.5748252282035375,2.8684001188767225,1.7221713276935207
0.05263157894736842,3.987091621115624,2.557622285434879,1.9982092971578092,4.662933398578014,2.9098837851477355,1.9049503538495252
0.05263157894736842,4.236284847435351,2.465413691374853,2.026987094555222,4.747944720833537,2.9500541616447937,2.0624966434704386
0.05263157894736842,4.485478073755077,2.3741305323677344,2.0583650752091205,4.828920768216001,2.989023872979534,2.1985256613691018
0.05263157894736842,4.734671300074804,2.290003293640218,2.0921087273356327,4.905558307477172,3.026896441391924,2.3171940116217447
0.05263157894736842,4.98386452639453,2.222586515680938,2.127925055072104,4.9778920940977125,3.0637647930353684,2.4219279476992277
0.10526315789473684,0.2491932263197265,3.486004168385236,2.3210602598206846,4.810783988635134,3.2989948062355885,2.7831317773375486
0.10526315789473684,0.498386452639453,3.4447119975932536,1.8356763210934142,4.735716109094202,2.9048229304467674,2.6967000045559857
0.10526315789473684,0.7475796789591795,3.4015148526369283,1.6896378648618913,4.656385079160756,2.65208735436129,2.6030541213623466
0.10526315789473684,0.996772905278906,3.356243963602127,1.7063238022748448,4.573589706831299,2.5138191852856058,2.500618794321308
0.10526315789473684,1.2459661315986326,3.3087099240805626,1.7509275343789277,4.489036960714665,2.4624546297471523,2.387353217621245
0.10526315789473684,1.495159357918359,3.2587000967978628,1.7896764318791303,4.406012560405548,2.4653635871726687,2.260616742768264
0.10526315789473684,1.7443525842380856,3.2059761046988857,1.819297150937544,4.330127198776771,2.496566723542216,2.1170093434436357
0.10526315789473684,1.993545810557812,3.1502717324867695,1.8420569682878607,4.269631638322502,2.5405181498644565,1.9523847187402208
0.10526315789473684,2.2427390368775386,3.0912919743808183,1.8605963947750128,4.234176579296289,2.5892470915508574,1.7628501236632101
0.10526315789473684,2.491932263197265,3.028714629117273,1.8770709716529625,4.231216959246227,2.638978882596461,1.550127445931631
0.10526315789473684,2.7411254895169916,2.962197066184051,1.8931194820389674,4.2618694360904765,2.68802478157825,1.3425065103355902
0.10526315789473684,2.990318715836718,2.8913930480998076,1.9099551363223741,4.320198806451528,2.7356904577613106,1.2347349627704138
0.10526315789473684,3.2395119421564447,2.81598865868,1.928447852718059,4.396736816667491,2.7817462840791483,1.3162873075524588
0.10526315789473684,3.488705168476171,2.7357739567421873,1.949183759936185,4.482588412158453,2.826174684172728,1.510446823877069
0.10526315789473684,3.7378983947958977,2.6507802329850305,1.9725097600167198,4.57135584297341,2.8690498539404814,1.715719805612213
0.10526315789473684,3.987091621115624,2.5615339203398326,1.998571672574288,4.659147895577409,2.9104806182397356,1.8988003192231042
0.10526315789473684,4.236284847435351,2.469504179184235,2.027351014436361,4.743885516757663,2.9505836434101016,2.056622421165927
0.10526315789473684,4.485478073755077,2.3778236925808596,2.0587019698555826,4.82461432351883,2.9894713655767484,2.1928551897567377
0.10526315789473684,4.734671300074804,2.292237107362113,2.0923877048103714,4.901019929785999,3.0272470686031,2.311659708480556
0.10526315789473684,4.98386452639453,2.2217533376535212,2.1281140901732853,4.973129556468741,3.064003401200977,2.416475074284202
0.15789473684210525,0.2491932263197265,3.486013639274812,2.3211000747049026,4.810795945027971,3.2990308142602274,2.7831455564604695
0.15789473684210525,0.498386452639453,3.444745876478907,1.8356803918047662,4.735756419099539,2.9049019402979974,2.6967476811190156
0.15789473684210525,0.7475796789591795,3.4015904769429017,1.6895194323271219,4.656469427303357,2.6522233353891056,2.6031592319784376
0.15789473684210525,0.996772905278906,3.3563819898527325,1.7061390247295434,4.573731381780148,2.5140429090495098,2.500811958177628
0.15789473684210525,1.2459661315986326,3.30893485419773,1.7507301160518314,4.489240122861003,2.4627878339949887,2.3876751355796975
0.15789473684210525,1.495159357918359,3.2590408553108396,1.789493054795831,4.406258944195276,2.4658050782309155,2.261121778025174
0.15789473684210525,1.7443525842380856,3.2064666724176565,1.8191444665227048,4.330355286295213,2.4971007566305357,2.117768784934181
0.15789473684210525,1.993545810557812,3.1509517872985136,1.8419483836603552,4.2697157520047835,2.5411249960493616,1.9534838782829331
0.15789473684210525,2.2427390368775386,3.0922074325026463,1.8605435352192907,4.2339304117901815,2.5899076796028053,1.764352514800026
0.15789473684210525,2.491932263197265,3.0299178702704874,1.8770833213258333,4.230448271736041,2.639675770660336,1.5518953741562176
0.15789473684210525,3.987091621115624,2.5654618652175953,1.9989365183870997,4.6553740848399565,2.9110806278388743,1.8926390607036405
0.15789473684210525,4.236284847435351,2.473654489404211,2.0277184770887597,4.73983907788955,2.9511177914543527,2.0507406903612178
0.15789473684210525,4.485478073755077,2.3816649878121514,2.0590439394542743,4.82032227735979,2.9899253598138418,2.187181026134081
0.15789473684210525,4.734671300074804,2.294772864040762,2.092673842919079,4.89649811843853,3.027606430780482,2.306125296104791
0.15789473684210525,4.98386452639453,2.221435493807204,2.1283130101901038,4.968386270574627,3.064253434172618,2.4110254728610427
0.15789473684210525,2.7411254895169916,2.963746413235588,1.8932034071767072,4.260462603978961,2.688741920624661,1.3435695197909723
0.15789473684210525,2.990318715836718,2.89335066302112,1.9101127811367482,4.318151252343894,2.7364127507477582,1.2327770633945598
0.15789473684210525,3.2395119421564447,2.818415239142044,1.9286761953780185,4.394124456155869,2.7824592139566615,1.3109257642965706
0.15789473684210525,3.488705168476171,2.7387171646889596,1.9494740309178005,4.479509838730449,2.826864046714967,1.5039296998681189
0.15789473684210525,3.7378983947958977,2.654251184432665,1.9728473441056926,4.567897653442391,2.8697015746975176,1.7092553900010556
0.21052631578947367,0.2491932263197265,3.486023107394068,2.3211398911834933,4.810807899071918,3.2990668197943194,2.783159332803588
0.21052631578947367,0.498386452639453,3.444779735499211,1.8356845122356555,4.735796714762271,2.9049809358934042,2.6967953389880424
0.21052631578947367,0.7475796789591795,3.401666032745351,1.6894010890660545,4.656553734965009,2.652359248509845,2.603264278728744
0.21052631578947367,0.996772905278906,3.356519843192134,1.7059543532274617,4.573872986036955,2.5142664368578824,2.5010049579307
0.21052631578947367,1.2459661315986326,3.3091594182574924,1.7505328534928415,4.489443235036887,2.4631206503207133,2.3879966951436766
0.21052631578947367,2.7411254895169916,2.9652895536827377,1.8932880816002933,4.259066667102172,2.689458509972394,1.3446663026082377
0.21052631578947367,2.990318715836718,2.8953002037651716,1.9102712940035567,4.316115427092732,2.737134847350813,1.2308872780245264
0.21052631578947367,3.2395119421564447,2.8208323641241293,1.9289055727914028,4.391523677450973,2.783172460603658,1.3055971177499865
0.21052631578947367,3.488705168476171,2.741651473900903,1.9497656036890294,4.4764424845915425,2.827554425230907,1.4974082745722996
0.21052631578947367,3.7378983947958977,2.6577188975351427,1.9731866686917645,4.56445062319577,2.8703552270279036,1.7027779832004077
0.21052631578947367,1.495159357918359,3.25938092264847,1.7893099117537263,4.406505507526742,2.46624597638283,2.2616261153202912
0.21052631578947367,1.7443525842380856,3.206956037871371,1.8189921123411676,4.330584315846615,2.4976340303318434,2.118527009291814
0.21052631578947367,1.993545810557812,3.1516298801732483,1.8418402345472822,4.269802530448716,2.5417309869352187,1.9545812694435987
0.21052631578947367,2.2427390368775386,3.093119857484898,1.8604912178366981,4.233689711200994,2.5905674055256305,1.7658536622722418
0.21052631578947367,2.491932263197265,3.0311166537964054,1.8770963168021404,4.229688206143094,2.640371893293012,1.5536689022116936
0.21052631578947367,3.987091621115624,2.569403764008524,1.999303801387111,4.651611893446107,2.9116837356712963,1.8864663895885914
0.21052631578947367,4.236284847435351,2.4778594618031766,2.028089425884862,4.735805285413568,2.951656494666709,2.0448512444443985
0.21052631578947367,4.485478073755077,2.385644402604631,2.059390891477722,4.816044454679603,2.990385700456117,2.1815029535750874
0.21052631578947367,4.734671300074804,2.2975945622229794,2.092966996690944,4.8919926296416785,3.027974314029689,2.300590539053404
0.21052631578947367,4.98386452639453,2.2216155067318493,2.1285215965943896,4.9636619084814475,3.064514600841024,2.4055788775380242
0.2631578947368421,0.2491932263197265,3.4860325727440094,2.321179709254679,4.810819850767529,3.2991028228380195,2.783173106367615
0.2631578947368421,0.498386452639453,3.4448135746688844,1.835688682370585,4.735836996088197,2.905059917237356,2.69684297817302
0.2631578947368421,0.7475796789591795,3.401741520123401,1.6892828350852842,4.656638002159344,2.652495093741626,2.603369261666982
0.2631578947368421,0.996772905278906,3.356657523897844,1.7057697877485873,4.574014519553376,2.5144897687512233,2.5011977937712224
0.2631578947368421,1.2459661315986326,3.30938361702186,1.7503357466117175,4.489646296707814,2.463453078799442,2.3883178968320573
0.2631578947368421,1.495159357918359,3.259720300581825,1.7891270025458152,4.406752247853938,2.4666862816757553,2.262129755743408
0.2631578947368421,1.7443525842380856,3.2074442046723624,1.8188400880203222,4.330814279131604,2.4981665444151435,2.1192840178125865
0.2631578947368421,1.993545810557812,3.1523060176501247,1.841732520311623,4.269891954194571,2.5423361215285234,1.9556768888163927
0.2631578947368421,2.2427390368775386,3.09402925967955,1.8604394416873915,4.233454446045772,2.5912262668238952,1.7673535288007323
0.2631578947368421,2.491932263197265,3.0323109930350305,1.8771099566729295,4.228936730203627,2.6410672454505,1.5554478297862768
0.2631578947368421,3.987091621115624,2.5733573794638054,1.999673488874254,4.647861250901598,2.9122898649853317,1.880282118073411
0.2631578947368421,4.236284847435351,2.4821141740091943,2.0284638053039017,4.731784024036607,2.9521996443582017,2.038953877772727
0.2631578947368421,4.485478073755077,2.3897522766947077,2.0597427355295497,4.811780685488269,2.9908522360510568,2.1758207570558254
0.2631578947368421,4.734671300074804,2.300686364964246,2.0932670249641703,4.8875032268511776,3.0283505102621233,2.295055205130867
0.2631578947368421,4.98386452639453,2.2222749346146107,2.1287396373109635,4.9589561525413846,3.064786618867665,2.4001350274083895
0.2631578947368421,2.7411254895169916,2.9668264972349876,1.8933735031785244,4.257681607900112,2.690174540580914,1.345796292704858
0.2631578947368421,2.990318715836718,2.897241653987327,1.9104306715216848,4.314091329877911,2.73785673254874,1.2290658476970195
0.2631578947368421,3.2395119421564447,2.8232399298801503,1.9291359791283766,4.388934483709654,2.7838860003187644,1.3003024460722465
0.2631578947368421,3.488705168476171,2.744576542251091,1.9500584678337372,4.47338634054093,2.8282457837037365,1.4908828493161896
0.2631578947368421,3.7378983947958977,2.6611824470097662,1.9735277152045834,4.561014717441479,2.8710107577492034,1.6962874913087034
0.3157894736842105,0.2491932263197265,3.4860420353256356,2.3212195289166857,4.810831800115363,3.299138823391481,2.7831868771532617
0.3157894736842105,0.498386452639453,3.4448473940026356,1.835692902194045,4.735877263083114,2.905138884334222,2.6968905986838894
0.3157894736842105,0.7475796789591795,3.401816939156068,1.6891646703912642,4.656722228900025,2.652630871102652,2.6034741808468174
0.3157894736842105,0.996772905278906,3.3567950322468576,1.7055853282727111,4.574155982281568,2.5147129047704233,2.5013904658896498
0.3157894736842105,1.2459661315986326,3.309607451251045,1.7501387953176673,4.489849307342786,2.4637851195073326,2.388638741163064
0.3157894736842105,1.495159357918359,3.2600589908772517,1.7889443269705947,4.406999162647117,2.467125994159445,2.2626327003844855
0.3157894736842105,1.7443525842380856,3.207931176423672,1.81868839318401,4.331045167901427,2.4986982986550834,2.1200398118076063
0.3157894736842105,1.993545810557812,3.1529802062582957,1.8416252403402533,4.269984003876092,2.5429403988485832,1.9567707331213617
0.3157894736842105,2.2427390368775386,3.094935649457959,1.8603882058148418,4.23322458489531,2.5918842610295054,1.7688520778724763
0.3157894736842105,2.491932263197265,3.0335009014958074,1.8771242395122176,4.228193811526053,2.6417618221433634,1.5572319598146211
0.3157894736842105,2.7411254895169916,2.9683572543136183,1.8934596697506554,4.25630740857062,2.6908900035127146,1.346958923752292
0.3157894736842105,2.990318715836718,2.8991749997344725,1.9105909102585439,4.312078959833581,2.738578391506226,1.2273129848091775
0.3157894736842105,3.2395119421564447,2.825637839781299,1.929367408607653,4.386356878495053,2.7845998097264117,1.2950428440509945
0.3157894736842105,3.488705168476171,2.7474920470617596,1.9503526130858944,4.470341398338297,2.8289380866696643,1.4843537406866416
0.3157894736842105,3.7378983947958977,2.6646409568386495,1.9738704652586787,4.557589902974929,2.8716681145942866,1.689783824312557
0.3157894736842105,3.987091621115624,2.57732058860539,2.00004554863853,4.64412208907932,2.9128989405103676,1.8740860592436674
0.3157894736842105,4.236284847435351,2.4864139355534327,2.0288415608860007,4.727775181890623,2.952747134187677,2.0330483856149972
0.3157894736842105,4.485478073755077,2.3939793112852814,2.0600993832656207,4.807530804703832,2.991324818798432,2.170134223360216
0.3157894736842105,4.734671300074804,2.3040326649725587,2.093573790228456,4.883029680510154,3.02873481697233,2.2895190652444133
0.3157894736842105,4.98386452639453,2.223394538827534,2.1289669263467754,4.954268694977668,3.0650692143114617,2.3946936663353324
0.3684210526315789,2.7411254895169916,2.969881836023621,1.8935465791264399,4.254944051066873,2.6916048899320617,1.3481536295059793
0.3684210526315789,2.990318715836718,2.9011002293509605,1.910752006753037,4.310078316038555,2.7392998095716217,1.2256288727672875
0.3684210526315789,3.2395119421564447,2.828026004026622,1.929599855391769,4.383790865760897,2.78531386577111,1.2898194226589161
0.3684210526315789,3.488705168476171,2.7503976842854274,1.950648029241314,4.467307650681536,2.829631299206654,1.4778212809657336
0.3684210526315789,3.7378983947958977,2.668093598183918,1.9742149006472236,4.554176148144815,2.8723272461898324,1.6832668962234507
0.3684210526315789,0.2491932263197265,3.4860514951399497,2.3212593501677388,4.810843747115976,3.2991748214548564,2.7832006451612377
0.3684210526315789,0.498386452639453,3.4448811935151586,1.835697171690521,4.735917515752822,2.9052178371883772,2.696938200530591
0.3684210526315789,0.7475796789591795,3.401892289922264,1.6890465949903881,4.656806415200749,2.652766580611222,2.603579036321856
0.3684210526315789,0.996772905278906,3.3569323685156487,1.705400974779523,4.574297374174168,2.5149358449567787,2.5015829744761824
0.3684210526315789,1.2459661315986326,3.309830921703477,1.7499419995190686,4.490052266414295,2.464116772521602,2.388959228654262
0.3684210526315789,1.495159357918359,3.2603969952963756,1.78876188482025,4.4072462493927,2.467565113886063,2.263134950333611
0.3684210526315789,1.7443525842380856,3.2084169567190086,1.8185370274557542,4.331276973957713,2.499229292831907,2.120794392602799
0.3684210526315789,1.993545810557812,3.1536524525165914,1.8415183940073347,4.270078660220439,2.5435438179274663,1.9578627992023923
0.3684210526315789,2.2427390368775386,3.0958390372090654,1.8603375092495607,4.23300009637541,2.59254138570149,1.7703492737286926
0.3684210526315789,2.491932263197265,3.0346863928500256,1.8771391638651147,4.227459417592708,2.6424556184361605,1.5590210984515593
0.3684210526315789,3.987091621115624,2.5812913782602265,2.0004199489477426,4.640394342163192,2.9135108884172043,1.867878027069746
0.3684210526315789,4.236284847435351,2.49075428154777,2.029222639201593,4.723778650439046,2.953298860090734,2.0271345640961558
0.3684210526315789,4.485478073755077,2.3983165727069418,2.0604607483128925,4.803294651998221,2.9918033044261816,2.1644431409892175
0.3684210526315789,4.734671300074804,2.3076181424390967,2.0938871584836103,4.878571767800482,3.0291270370264796,2.2839818932673883
0.3684210526315789,4.98386452639453,2.2249544503331777,2.129203263591086,4.949599237491759,3.065362121276031,2.3892545427473477
0.42105263157894735,0.2491932263197265,3.4860609521879526,2.3212991730060613,4.810855691769928,3.2992108170282957,2.7832144103922527
0.42105263157894735,0.498386452639453,3.444914973221134,1.8357014908444864,4.735957754103116,2.905296775804206,2.696985783723055
0.42105263157894735,0.7475796789591795,3.401967572500792,1.6889286088891895,4.65689056107524,2.6529022222857153,2.6036838281456522
0.42105263157894735,0.996772905278906,3.357069532980178,1.7052167272482965,4.5744386951843,2.5151585893519846,2.5017753197207764
0.42105263157894735,1.2459661315986326,3.310054029135798,1.7497453591244996,4.4902551733982925,2.4644480379205302,2.3892793598225546
0.42105263157894735,1.495159357918359,3.2607343155961086,1.7885796758883734,4.407493505593183,2.4680036409101787,2.263636506680979
0.42105263157894735,1.7443525842380856,3.208901549142718,1.8183859904485167,4.331509689152234,2.499759526731434,2.121547761538624
0.42105263157894735,1.993545810557812,3.1543227629331887,1.8414119806724172,4.270175904048128,2.544146377809881,1.958953084025247
0.42105263157894735,2.2427390368775386,3.0967394333376697,1.8602873510101026,4.232780949168099,2.5931976384257647,1.7718450813531355
0.42105263157894735,2.491932263197265,3.0358674809234705,1.8771547282811838,4.226733515761639,2.6431486294468898,1.5608150550451174
0.42105263157894735,2.7411254895169916,2.9714002541265185,1.8936342290977746,4.253591517094961,2.6923191911037088,1.3493798441266411
0.42105263157894735,2.990318715836718,2.90301733338786,1.9109139575107175,4.308089397506829,2.7400209722742117,1.224013665678178
0.42105263157894735,3.2395119421564447,2.830404339364326,1.9298333136261758,4.381236449836025,2.786028145711868,1.28463330856678
0.42105263157894735,3.488705168476171,2.753293167716924,1.9509447060661973,4.4642850911848315,2.8303253869234446,1.4712858185747115
0.42105263157894735,3.7378983947958977,2.6715395873740073,1.9745610033378602,4.550773422819881,2.872988102035526,1.6767366252212212
0.42105263157894735,3.987091621115624,2.585267840679217,2.000796658529062,4.636677946593956,2.9141256362798056,1.8616578364041318
0.42105263157894735,4.236284847435351,2.4951309660724452,2.0296069878116625,4.719794324386844,2.953854720211465,2.0212122101440233
0.42105263157894735,4.485478073755077,2.4027554937231588,2.060826746221005,4.799072071649854,2.9922875520718386,2.158747300073379
0.42105263157894735,4.734671300074804,2.3114278156047323,2.0942069991121586,4.874129272406101,3.0295269784612247,2.278443465908278
0.42105263157894735,4.98386452639453,2.2269343322012465,2.1294484545376373,4.944947490891336,3.065665081576114,2.383817409443316
0.47368421052631576,1.495159357918359,3.2610709535286513,1.788397699964178,4.407740928767044,2.46844157528875,2.264137370516869
0.47368421052631576,1.7443525842380856,3.209384957269749,1.8182352817746308,4.3317433053866665,2.5002890001450386,2.1222999199698216
0.47368421052631576,1.993545810557812,3.154991144005297,1.841305999706026,4.270275716272958,2.5447480775531033,1.960041584675616
0.47368421052631576,2.2427390368775386,3.0976368482627405,1.8602377301027604,4.232567112012849,2.593853016814925,1.773339466460498
0.47368421052631576,2.491932263197265,3.037044179689276,1.8771709312504874,4.226016073268431,2.6438408503464528,1.562613642108844
0.47368421052631576,0.2491932263197265,3.486070406470646,2.3213389974298773,4.810867634077772,3.2992468101119554,2.7832281728470156
0.47368421052631576,0.498386452639453,3.444948733135234,1.8357058596403972,4.7359979781397925,2.9053757001860925,2.6970333482712068
0.47368421052631576,0.7475796789591795,3.402042786970351,1.688810712093825,4.656974666537257,2.6530377961446017,2.6037885563717036
0.47368421052631576,0.996772905278906,3.357206525915888,1.7050325856581414,4.574579945265573,2.5153811379981446,2.5019675018131324
0.47368421052631576,1.2459661315986326,3.3102767743028707,1.7495488740389131,4.490458027774188,2.4647789157834348,2.3895991351841923
0.47368421052631576,3.987091621115624,2.5892481692496734,2.0011756465583965,4.632972841016796,2.9147431130383974,1.8554253029813137
0.47368421052631576,4.236284847435351,2.4995399553425472,2.029994555243782,4.715822101594117,2.9544146148369275,2.015281121438177
0.47368421052631576,4.485478073755077,2.4072878727299214,2.061197294371949,4.794862912402638,2.992777424169152,2.1530464922885626
0.47368421052631576,4.734671300074804,2.3154470842261787,2.0945331847382955,4.869701984287643,3.029934454292383,2.2729035625852116
0.47368421052631576,4.98386452639453,2.229313535871385,2.1297023101070676,4.940313174737685,3.0659778444218597,2.378382023406679
0.47368421052631576,2.7411254895169916,2.972912521014062,1.8937226174205106,4.252249788111607,2.693032898391663,1.3506370024926728
0.47368421052631576,2.990318715836718,2.9049263045153673,1.911076759008558,4.306112203178225,2.740741865321541,1.2224674880842012
0.47368421052631576,3.2395119421564447,2.832772768823479,1.9300677774507615,4.378693635409115,2.786742627116782,1.2794856436113309
0.47368421052631576,3.488705168476171,2.7561782282353544,1.951242633375837,4.461273714357185,2.831020315948881,1.464747718526933
0.47368421052631576,3.7378983947958977,2.674978183960171,1.9749087554868074,4.547381698356545,2.8736506324838627,1.6701929338044743
0.5263157894736842,0.2491932263197265,3.4860798579890293,2.321378823437418,4.810879574040067,3.2992828007059867,2.783241932526235
0.5263157894736842,0.498386452639453,3.4449824732721144,1.835710278062709,4.736038187868644,2.905454610338433,2.697080894184965
0.5263157894736842,0.7475796789591795,3.402117933409533,1.6886929046106438,4.657058731600592,2.6531733022064383,2.6038932210534576
0.5263157894736842,0.996772905278906,3.3573433475977077,1.7048485499880677,4.574721124372077,2.5156034909377447,2.502159520942709
0.5263157894736842,1.2459661315986326,3.3104991579577825,1.7493525441711149,4.490660829024816,2.4651094061906957,2.3899185552547584
0.5263157894736842,1.495159357918359,3.2614069108414974,1.7882159568362606,4.4079885164486585,2.4688789170811156,2.264637542931612
0.5263157894736842,1.7443525842380856,3.2098671846656166,1.8180849010477325,4.3319778146123396,2.5008177128696105,2.123050869265161
0.5263157894736842,1.993545810557812,3.1556576022188523,1.841200450444891,4.27037807790194,2.545348916226919,1.9611282983571643
0.5263157894736842,2.2427390368775386,3.0985312924157817,1.8601886455196976,4.232358553707792,2.5945075185080153,1.774832395485011
0.5263157894736842,2.491932263197265,3.0382165032610007,1.8771877712683684,4.22530705722806,2.6445322763581034,1.5644166752935127
0.5263157894736842,2.7411254895169916,2.9744186496827787,1.8938117418070988,4.250918845322005,2.693746003257974,1.3519245405035107
0.5263157894736842,2.990318715836718,2.9068271374382992,1.9112404076944414,4.304146731909249,2.7414624745968434,1.2209904347427707
0.5263157894736842,3.2395119421564447,2.8351312214557263,1.9303032409954135,4.376162427513581,2.7874572878576944,1.2743775842167036
0.5263157894736842,3.488705168476171,2.7590526130750805,1.9515418010362595,4.458273515581329,2.8317160529215526,1.458207362889562
0.5263157894736842,3.7378983947958977,2.6784086888421546,1.975258139362467,4.544000947567453,2.874314788720646,1.6636357489483375
0.5263157894736842,3.987091621115624,2.5932306543085395,2.0015568826385337,4.62927896623075,2.915363248963874,1.8491802434203808
0.5263157894736842,4.236284847435351,2.503977420715303,2.0303852909548885,4.711861882992976,2.954978446334133,2.0093410963607767
0.5263157894736842,4.485478073755077,2.4119058710919927,2.0615723119274727,4.790667027330998,2.9932727863396504,2.1473405107746912
0.5263157894736842,4.734671300074804,2.3196617662009205,2.094865591112622,4.865289699467697,3.0303492823328155,2.2673619653055566
0.5263157894736842,4.98386452639453,2.2320712491733223,2.1299646463779887,4.935696017011366,3.066300166119893,2.3729481456282584
0.5789473684210527,1.495159357918359,3.261742189277442,1.7880344462917601,4.408236266188196,2.469315666348999,2.265137025015567
0.5789473684210527,1.7443525842380856,3.210348234886378,1.817934847868707,4.3322132088300105,2.5013456647075274,2.123800610807194
0.5789473684210527,1.993545810557812,3.1563221440482176,1.8410953322403165,4.270482970035218,2.5459488929135023,1.9622132223896613
0.5789473684210527,2.2427390368775386,3.0994227762392357,1.8601400962414634,4.2321552431109035,2.5951611411703213,1.7763238355691275
0.5789473684210527,2.491932263197265,3.0393844658859077,1.877205246800747,4.224606434636788,2.645222902756929,1.5662239733582166
0.5789473684210527,3.987091621115624,2.5972136790622664,2.0019403368009443,4.6255962651397295,2.915985975623404,1.8429224752302615
0.5789473684210527,4.236284847435351,2.508439731593607,2.030779145301694,4.707913572507641,2.955546119089525,2.003391933949436
0.5789473684210527,4.485478073755077,2.4166020088470828,2.0619517197654096,4.786484273710662,2.993773507288885,2.1416291500573887
0.5789473684210527,4.734671300074804,2.3240581276863734,2.0952040970220644,4.860892219826075,3.030771285018964,2.26181845855034
0.5789473684210527,4.98386452639453,2.235186634507029,2.130235284400878,4.931095753794875,3.066631809789989,2.367515540937105
0.5789473684210527,2.7411254895169916,2.975918653709345,1.8939015999942141,4.249598669677768,2.6944584972615266,1.3532418953737904
0.5789473684210527,2.990318715836718,2.9087198288145437,1.9114048999851772,4.302192982464027,2.7421827861564543,1.2195825704509637
0.5789473684210527,3.2395119421564447,2.837479632086697,1.930539698349092,4.373642831512681,2.7881721061050344,1.269310300768393
0.5789473684210527,3.488705168476171,2.761916085124784,1.9518421989226713,4.455284491093017,2.832412564979685,1.4516651512537444
0.5789473684210527,3.7378983947958977,2.681830442461829,1.9756091374631617,4.540631144690798,2.87498052274601,1.6570650022695088
0.5789473684210527,0.2491932263197265,3.4860893067441037,2.321418651026903,4.81089151165737,3.2993187888105417,2.7832556894306233
0.5789473684210527,0.498386452639453,3.4450161936464174,1.8357147460958572,4.736078383295464,2.905533506265625,2.6971284214742406
0.5789473684210527,0.7475796789591795,3.402193011896825,1.6885751864458236,4.6571427562790655,2.653308740489864,2.603997822244303
0.5789473684210527,0.996772905278906,3.357479998300053,1.7046646202169553,4.574862232458383,2.5158256482136787,2.5023513772987136
0.5789473684210527,1.2459661315986326,3.3107211808518455,1.7491563694248522,4.490863576636422,2.465439509223728,2.390237620549176
0.631578947368421,1.495159357918359,3.2620767905745858,1.7878531681152945,4.40848417555155,2.469751823156471,2.265635817859104
0.631578947368421,1.7443525842380856,3.2108281114786,1.8177851218389676,4.332449480089614,2.501872855466644,2.124549145991987
0.631578947368421,1.993545810557812,3.156984775955898,1.8409906444251174,4.270590373865981,2.5465480067073676,1.9632963542070945
0.631578947368421,2.2427390368775386,3.100311310184942,1.8600920812351944,4.231957149141198,2.5958138824931383,1.7778137545524095
0.631578947368421,2.491932263197265,3.0405480819384354,1.8772233563223986,4.223914172374088,2.645912724869321,1.568035358140925
0.631578947368421,0.2491932263197265,3.486098752736869,2.321458480196569,4.810903446930235,3.299354774425776,2.7832694435608865
0.631578947368421,0.498386452639453,3.4450498942727763,1.8357192637242716,4.736118564426042,2.9056123879720754,2.6971759301489397
0.631578947368421,0.7475796789591795,3.402268022510606,1.688457557605546,4.657226740586529,2.6534441110136133,2.604102359997574
0.631578947368421,0.996772905278906,3.3576164782968263,1.704480796323124,4.575003269479531,2.516047609869235,2.502543071070104
0.631578947368421,1.2459661315986326,3.3109428437346047,1.74896034970518,4.491066270098649,2.4657692249649914,2.390556331581708
0.631578947368421,2.7411254895169916,2.97741254722675,1.8939921896459093,4.248289241875,2.6951703720568756,1.3545885059182077
0.631578947368421,2.990318715836718,2.9106043771763748,1.9115702322694077,4.300250953505434,2.7429027862273276,1.218243929915884
0.631578947368421,3.2395119421564447,2.839817941076728,1.9307771436093426,4.371134853084781,2.7888870603227365,1.2642849769385849
0.631578947368421,3.488705168476171,2.764768422253678,1.9521438169656753,4.45230663796065,2.8331098197513143,1.445121501212936
0.631578947368421,3.7378983947958977,2.6852428230634677,1.9759617323858059,4.537272265360488,2.875647787356095,1.6504806301991208
0.631578947368421,3.987091621115624,2.601195715617996,2.0023259794796022,4.621924682705217,2.9166112258472454,1.8366518168177635
0.631578947368421,4.236284847435351,2.5129234482751297,2.0311760695157965,4.703977076977521,2.9561175394507337,1.9974334338519475
0.631578947368421,4.485478073755077,2.4213691589967277,2.062335440424941,4.782314512894848,2.9942794587070667,2.135912205972318
0.631578947368421,4.734671300074804,2.328622907107037,2.0955485841336277,4.856509352904566,3.0312002892455787,2.2562728291632834
0.631578947368421,4.98386452639453,2.238638955975805,2.130514050007296,4.926512128971384,3.0669725450964505,2.3620839778390037
0.6842105263157894,0.2491932263197265,3.4861081959683236,2.3214983109446377,4.810915379859221,3.299390757551839,2.7832831949177343
0.6842105263157894,0.498386452639453,3.445083575165812,1.8357238309323747,4.736158731266171,2.905691255462193,2.6972234202189607
0.6842105263157894,0.7475796789591795,3.402342965329154,1.6883400180958779,4.657310684536865,2.6535794137965025,2.604206834366554
0.6842105263157894,0.996772905278906,3.3577527878614197,1.7042970782850866,4.57514423539104,2.516269375948101,2.502734602445591
0.6842105263157894,1.2459661315986326,3.3111641473538347,1.7487644849163853,4.4912689089045115,2.4660985534979867,2.3908746888659507
0.6842105263157894,2.7411254895169916,2.978900344901236,1.8940835084031675,4.246990542352475,2.6958816193930755,1.3559638128269655
0.6842105263157894,2.990318715836718,2.9124807828545345,1.911736400906705,4.298320643586357,2.7436224612045823,1.2169745176711206
0.6842105263157894,3.2395119421564447,2.8421460940905994,1.93101557084846,4.3686384982088144,2.789602129263301,1.2593028089620368
0.6842105263157894,3.488705168476171,2.767609416663997,1.952446645132187,4.449339954065307,2.8338077853447388,1.4385768488492503
0.6842105263157894,3.7378983947958977,2.688645245019226,1.9763159069047378,4.53392428657702,2.8763165361252057,1.6438825741633722
0.6842105263157894,1.495159357918359,3.262410716466338,1.7876721220899037,4.408732242120224,2.4701873875699722,2.2661339225525676
0.6842105263157894,1.7443525842380856,3.2113068179793287,1.8176357225550948,4.332686620490032,2.5023992849602377,2.1252964762288977
0.6842105263157894,1.993545810557812,3.157645504392256,1.8408863863277098,4.270700270680385,2.547146256715275,1.9643776913558286
0.6842105263157894,2.2427390368775386,3.10119690471263,1.8600445994588224,4.2317642407798965,2.5964657401935765,1.7793021209605044
0.6842105263157894,2.491932263197265,3.041707365913882,1.8772420982523084,4.223230237204597,2.6466017380724725,1.5698506545285245
0.6842105263157894,3.987091621115624,2.60517532112961,2.0027137815095815,4.618264165900456,2.9172389336966957,1.8303680874983983
0.6842105263157894,4.236284847435351,2.5174253147905414,2.0315760156762774,4.700052306083207,2.9566926156705997,1.9914653962829345
0.6842105263157894,4.485478073755077,2.4262005405888507,2.062723398042552,4.778157610195634,2.9947905151739245,2.1301894755921764
0.6842105263157894,4.734671300074804,2.3333433334850597,2.095898936919417,4.852140911720613,3.0316361262081526,2.2507248662441985
0.6842105263157894,4.98386452639453,2.242407694640217,2.1308007736170653,4.9219448939384485,3.067322147993185,2.3566532283621076
0.7368421052631579,0.2491932263197265,3.486117636439468,2.3215381432693403,4.810927310444883,3.2994267381888878,2.783296943501875
0.7368421052631579,0.498386452639453,3.44511723634013,1.8357284477045728,4.736198883821637,2.9057701087403958,2.697270891694197
0.7368421052631579,0.7475796789591795,3.4024178404306347,1.6882225679229015,4.657394588143991,2.6537146488574312,2.604311245404469
0.7368421052631579,0.996772905278906,3.357888927266712,1.7041134660806165,4.575285130148901,2.5164909464943506,2.5029259716136387
0.7368421052631579,1.2459661315986326,3.311385092455555,1.748568774962254,4.49147149255038,2.4664274949072493,2.3911926929148373
0.7368421052631579,1.495159357918359,3.262743968681426,1.787491307996759,4.40898046349126,2.470622359658298,2.266631340186253
0.7368421052631579,1.7443525842380856,3.21178435791607,1.8174866496124784,4.3329246221788456,2.502924953007012,2.1260426029403194
0.7368421052631579,1.993545810557812,3.158304335795238,1.8407825572704222,4.270812641857443,2.54774364205616,1.9654572314927832
0.7368421052631579,2.2427390368775386,3.102079570288458,1.8599976498524593,4.231576487071589,2.5971167120143472,1.78078890399429
0.7368421052631579,2.491932263197265,3.0428623324222634,1.87726147099789,4.222554595780102,2.64728993779385,1.5716696904264051
0.7368421052631579,2.7411254895169916,2.980382061909988,1.8941755538935101,4.24570255128995,2.696592231112555,1.3573672589317527
0.7368421052631579,2.990318715836718,2.9143490479049845,1.9119034022279906,4.2964020511410865,2.744341797649087,1.2157743080395356
0.7368421052631579,3.2395119421564447,2.84446404187596,1.9312549741341203,4.366153773149902,2.7903172919629644,1.2543650048615902
0.7368421052631579,3.488705168476171,2.7704388742688457,1.9527506734292606,4.4463844380810515,2.8345064303392093,1.4320316492271858
0.7368421052631579,3.7378983947958977,2.6920371572183264,1.9766716439287435,4.53058718667914,2.8769867233885758,1.637270780772464
0.7368421052631579,3.987091621115624,2.6091511340612095,2.0031037140906194,4.614614663666112,2.917869034433093,1.8240711075100133
0.7368421052631579,4.236284847435351,2.5219422517690218,2.0319789366618233,4.69613917227518,2.957271257853258,1.9854876219822661
0.7368421052631579,4.485478073755077,2.4310897107823592,2.063115518307397,4.774013434770226,2.9953065540675445,2.1244607571561844
0.7368421052631579,4.734671300074804,2.3382071395564323,2.096255042545948,4.847786714589393,3.0320786312525767,2.2451743610464248
0.7368421052631579,4.98386452639453,2.246472651409278,2.1310952900634,4.917393807335881,3.067680400481696,2.3512230679093733
0.7894736842105263,0.2491932263197265,3.4861270741512995,2.321577977168904,4.810939238687777,3.299462716337071,2.7833106893140163
0.7894736842105263,0.498386452639453,3.4451508778103235,1.8357331140252628,4.736239022098231,2.905848947811105,2.6973183445845335
0.7894736842105263,0.7475796789591795,3.4024926478931157,1.6881052070925304,4.65747845142185,2.6538498162153923,2.604415593164492
0.7894736842105263,0.996772905278906,3.3580248967850754,1.7039299596877324,4.575425953709572,2.51671232155246,2.5031171787624626
0.7894736842105263,1.2459661315986326,3.3116056797840203,1.7483732197452242,4.491674020535962,2.4667560492783487,2.391510344240632
0.7894736842105263,3.987091621115624,2.6131218705697,2.0034957488147835,4.610976126867364,2.9185014644879006,1.8177606980294099
0.7894736842105263,4.236284847435351,2.5264713493642765,2.0323847861723143,4.6922375907051785,2.9578533779022878,1.979499912175332
0.7894736842105263,4.485478073755077,2.4360305560691473,2.0635117284040123,4.769881859511869,2.995827455476985,2.1187258500019683
0.7894736842105263,4.734671300074804,2.3432025701486547,2.0966167907804167,4.843446584953905,3.032527643731707,2.239621106878249
0.7894736842105263,4.98386452639453,2.2508140373990093,2.1313974383988836,4.912858634786834,3.0680470903811243,2.3457932751173076
0.7894736842105263,1.495159357918359,3.2630765489439,1.787310725615493,4.409228837277147,2.471056739492557,2.2671280718504008
0.7894736842105263,1.7443525842380856,3.2122607348067564,1.8173379025992926,4.333163477352111,2.503449859431042,2.1267875275614467
0.7894736842105263,1.993545810557812,3.158961276590117,1.8406791565635088,4.270927468868938,2.548340161861036,1.9665349723836536
0.7894736842105263,2.2427390368775386,3.1029593173835996,1.859951231350871,4.231393857125384,2.59776679572355,1.7822740735191493
0.7894736842105263,2.491932263197265,3.0440129961823605,1.87728147296766,4.221887214641557,2.6479773195107286,1.5734922967275922
0.7894736842105263,2.7411254895169916,2.9818577139195432,1.8942683237318456,4.24442524860657,2.6973021991500046,1.35879828946218
0.7894736842105263,2.990318715836718,2.91620917603824,1.912071232535768,4.294495174476894,2.7450607822851323,1.2146432451425972
0.7894736842105263,3.2395119421564447,2.8467717400501047,1.9314953474335679,4.363680684445157,2.7910325277369927,1.2494727836227144
0.7894736842105263,3.488705168476171,2.7732566140945654,1.953055891828436,4.443440089455592,2.83520572377585,1.4254863768945125
0.7894736842105263,3.7378983947958977,2.6954180415183484,1.9770289265217118,4.527260945316159,2.877658304225583,1.6306452020178406
0.8421052631578947,1.495159357918359,3.2634084589731343,1.7871303747236709,4.409477361105726,2.471490527146204,2.267624118635152
0.8421052631578947,1.7443525842380856,3.212735952159726,1.8171894811017675,4.3334031782541045,2.503974004061766,2.127531251540041
0.8421052631578947,1.993545810557812,3.1596163331892284,1.8405761835275962,4.271044733279315,2.5489358152729356,1.9676109119011314
0.8421052631578947,2.2427390368775386,3.1038361564728576,1.8599053428734842,4.231216320116043,2.5984159891144687,1.7837576000544035
0.8421052631578947,2.491932263197265,3.0451593720159504,1.8773021025278234,4.221228060221123,2.648663878749666,1.5753183072815355
0.8421052631578947,2.7411254895169916,2.9833273170649015,1.894361815477142,4.243158613959395,2.6980115155312547,1.3602563522927087
0.8421052631578947,2.990318715836718,2.9180611725511936,1.9122398881045455,4.292600011765708,2.745779401998106,1.2135812429560517
0.8421052631578947,3.2395119421564447,2.8490691488948454,1.9317366848606612,4.361219238889617,2.791747816175041,1.2446273743163474
0.8421052631578947,3.488705168476171,2.7760624677067383,1.9533622902553673,4.4405069083912405,2.8359056351488596,1.4189415263897538
0.8421052631578947,3.7378983947958977,2.698787411257007,1.9773877378507698,4.523945543420974,2.878331234443534,1.6240057954782403
0.8421052631578947,0.2491932263197265,3.4861365091048158,2.3216178126415605,4.8109511645884595,3.2994986919965466,2.783324432354867
0.8421052631578947,0.498386452639453,3.4451844995909773,1.8357378298788343,4.7362791461017375,2.90592777267875,2.697365778899849
0.8421052631578947,0.7475796789591795,3.4025673877945537,1.6879879356108367,4.657562274384418,2.653984915889457,2.6045198776997442
0.8421052631578947,0.996772905278906,3.3581606966883726,1.7037465590842222,4.575566706029979,2.5169335011672915,2.5033082240800324
0.8421052631578947,1.2459661315986326,3.3118259100817364,1.7481778191669715,4.491876492364289,2.467084216697886,2.391827643354934
0.8421052631578947,3.987091621115624,2.617086321007415,2.0038898576339954,4.607348508252297,2.919136161433748,1.8114366811918634
0.8421052631578947,4.236284847435351,2.5310098602696613,2.032793518659934,4.688347479160009,2.9584388894707336,1.973502068534979
0.8421052631578947,4.485478073755077,2.441017282813747,2.063911956966882,4.765762760945164,2.996353102118451,2.112984554499681
0.8421052631578947,4.734671300074804,2.3483183862982653,2.096984073898286,4.839120351222566,3.032983006868368,2.2340648990079837
0.8421052631578947,4.98386452639453,2.2554125518621584,2.131707061793059,4.9083391486514305,3.068422011109705,2.3403636317208294
0.894736842105263,0.2491932263197265,3.4861459413010154,2.3216576496855392,4.810963088147485,3.299534665167464,2.7833381726251343
0.894736842105263,0.498386452639453,3.4452181016966574,1.8357425952496613,4.736319255837941,2.9060065833477635,2.6974131946500184
0.894736842105263,0.7475796789591795,3.4026420602128047,1.6878707534835578,4.6576460570456995,2.6541199478987894,2.6046240990632867
0.894736842105263,0.996772905278906,3.3582963272479573,1.7035632642474545,4.5757073870675145,2.5171544853841055,2.5034991077540676
0.894736842105263,1.2459661315986326,3.3120457840894546,1.7479825731295346,4.4920789075416945,2.4674119972534814,2.3921445907686794
0.894736842105263,1.495159357918359,3.2637397004838413,1.7869502550967133,4.4097260326201075,2.471923722695019,2.2681194816305275
0.894736842105263,1.7443525842380856,3.2132100134737045,1.8170413847013833,4.333643717177103,2.504497386733951,2.128273776336195
0.894736842105263,1.993545810557812,3.1602695119917272,1.840473637447318,4.271164416745571,2.5495306014468353,1.9686850480231624
0.894736842105263,2.2427390368775386,3.104710098033334,1.8598599833237999,4.23104384528511,2.599064290005373,1.7852394547628456
0.894736842105263,2.491932263197265,3.0463014748422004,1.8773233580495619,4.220577098844239,2.6493496110860355,1.577147558862501
0.894736842105263,3.987091621115624,2.621043346544988,2.0042860128422655,4.60373176241163,2.9197730639564554,1.8050988801137562
0.894736842105263,4.236284847435351,2.53555519284686,2.033205089325184,4.684468757997809,2.959027707913015,1.967493893145262
0.894736842105263,4.485478073755077,2.4460444072560357,2.064316134015854,4.761656019125609,2.9968833792549057,2.1072366719883577
0.894736842105263,4.734671300074804,2.353543865579757,2.097356786595378,4.834807846613938,3.033444567624478,2.228505534572544
0.894736842105263,4.98386452639453,2.2602494480235884,2.1320240073218146,4.903835127792097,3.068804961476834,2.3349339224237187
0.894736842105263,2.7411254895169916,2.9847908879293223,1.894456026685237,4.241902626742048,2.698720172372226,1.36174089817993
0.894736842105263,2.990318715836718,2.9199050442613457,1.9124093651811833,4.290716561035962,2.746497643832227,1.2125881854119174
0.894736842105263,3.2395119421564447,2.851356233159155,1.931978980317781,4.358769443522385,2.7924631371366817,1.2398300151698267
0.894736842105263,3.488705168476171,2.778856278659017,1.953669858975811,4.437584895826177,2.8366061343969124,1.4123976127557794
0.894736842105263,3.7378983947958977,2.702144809822726,1.9777480612673455,4.520640963183696,2.8790054705618426,1.617352524534581
0.9473684210526315,1.495159357918359,3.2640702751860724,1.7867703665110528,4.409974849478581,2.472356326217081,2.268614161926417
0.9473684210526315,1.7443525842380856,3.2136829222377727,1.8168936129788928,4.333885086461135,2.505020007287665,2.129015103422109
0.9473684210526315,1.993545810557812,3.160920819383342,1.8403715176245266,4.271286501017142,2.550124519549561,1.9697573788312435
0.9473684210526315,2.2427390368775386,3.1055811525431243,1.8598151515962225,4.230876401942022,2.599711696239321,1.7867196094404525
0.9473684210526315,2.491932263197265,3.047439319672243,1.8773452378650684,4.219934296731712,2.650034512143541,1.5789798911376753
0.9473684210526315,2.7411254895169916,2.986248443524771,1.8945509548792223,4.240657266083456,2.6994281618778464,1.3632513809903652
0.9473684210526315,2.990318715836718,2.9217407994433606,1.9125796599853566,4.288844820164584,2.747215494988347,1.2116639265463518
0.9473684210526315,3.2395119421564447,2.8536329618693075,1.9322222278820513,4.356331305612895,2.793178470746994,1.2350819525854675
0.9473684210526315,3.488705168476171,2.7816379019639714,1.9539785880016263,4.434674053415985,2.8373071918947828,1.4058551720588564
0.9473684210526315,3.7378983947958977,2.705489809282318,1.9781098802150743,4.517347188025938,2.8796809697967585,1.610685358594236
0.9473684210526315,0.2491932263197265,3.486155370740896,2.321697488299071,4.810975009365412,3.2995706358499794,2.783351910125526
0.9473684210526315,0.498386452639453,3.4452516841419234,1.8357474101221112,4.736359351312628,2.906085379822584,2.697460591844907
0.9473684210526315,0.7475796789591795,3.402716665225618,1.6877536607165797,4.657729799419734,2.6542549122626333,2.604728257308134
0.9473684210526315,0.996772905278906,3.35843178873468,1.703380075154678,4.575847996780032,2.517375274248546,2.5036898299720463
0.9473684210526315,1.2459661315986326,3.3122653025461797,1.7477874815320884,4.492281265577794,2.4677393910337857,2.3924611869921297
0.9473684210526315,3.987091621115624,2.624991875914129,2.0046841870796652,4.600125845739651,2.9204121118279707,1.7987471189183186
0.9473684210526315,4.236284847435351,2.5401049043887034,2.033619454086644,4.680601350086536,2.9596197502385477,1.9614751884668173
0.9473684210526315,4.485478073755077,2.45110674510787,2.064724190952292,4.757561517543119,2.9974181746189106,2.10148200471434
0.9473684210526315,4.734671300074804,2.3588687991031017,2.0977348259063433,4.830508909008233,3.0339121765759964,2.222942812489433
0.9473684210526315,4.98386452639453,2.265306587343338,2.1323481258488868,4.8993463573500105,3.069195745485249,2.3295039347745456
1.0,0.2491932263197265,3.4861647974254537,2.3217373284803897,4.810986928242793,3.2996066040442424,2.78336564485675
1.0,0.498386452639453,3.445285246941319,1.8357522744805423,4.736399432531579,2.9061641621076575,2.697507970494373
1.0,0.7475796789591795,3.4027912029106377,1.6876366573156352,4.657813501520583,2.654389809000325,2.6048323524872394
1.0,0.996772905278906,3.3585670814188826,1.7031969917828693,4.575988535125846,2.517595867806655,2.503880390921194
1.0,1.2459661315986326,3.3124844661891757,1.747592544277368,4.492483565985466,2.468066398128474,2.392777432534878
1.0,1.495159357918359,3.264400184785223,1.786590708737125,4.410223809354534,2.472788337792787,2.2691081606125416
1.0,1.7443525842380856,3.214154681931357,1.8167461655054842,4.33412727849375,2.5055418655682664,2.129755234281852
1.0,1.993545810557812,3.1615702617361467,1.8402698233439194,4.271410967935786,2.550717568759727,1.9708279025087168
1.0,2.2427390368775386,3.1064493304800553,1.859770846583865,4.230713959465203,2.600358205683944,1.7881980365062091
1.0,2.491932263197265,3.048572921603906,1.8773677403010243,4.21929962000185,2.6507185775937465,1.5808151466349678
1.0,2.7411254895169916,2.987700001273007,1.8946465975608178,4.239422510846719,2.7001354763410275,1.3647872579186906
1.0,2.990318715836718,2.9235684477678605,1.9127507687091858,4.286984786869116,2.747932942821766,1.2108082906929387
1.0,3.2395119421564447,2.855899308146249,1.9324664214927654,4.353904832647334,2.7938937973922466,1.2303844401067698
1.0,3.488705168476171,2.7844072035851393,1.9542884674453938,4.431774383515463,2.838008778445182,1.3993147619125437
1.0,3.7378983947958977,2.7088220090640407,1.9784731782701592,4.514064202575646,2.880357690046463,1.6040042733247246
1.0,3.987091621115624,2.628930902269397,2.0050843533165974,4.596530716396345,2.921053245880178,1.7923812227645814
1.0,4.236284847435351,2.544656694533282,2.0340365695720184,4.676745180744667,2.9602149350670723,1.955445757303961
1.0,4.485478073755077,2.4561994008606445,2.0651360604708686,4.753479143029366,2.997957378338539,2.0957203557717192
1.0,4.734671300074804,2.3642834856168595,2.0981180911201722,4.8262233808051755,3.034385687793297,2.2173765333718043
1.0,4.98386452639453,2.270566482874658,2.1326792718886267,4.894872628531925,3.0695941721425695,2.3240734590475673
