sigma,vial_number,time_min,mass_g,permeate_concentration_mM,retentate_concentration_mM
0.1,1,0.0,1e-06,1.8971007608000001,15.20517956
0.1,1,0.39721825,0.03625762349406236,1.8073586780683057,15.48786203660187
0.1,1,0.7944484166666667,0.07249747234698715,1.7330058586562904,15.770299027272692
0.1,1,1.1916666666666667,0.10871905195178595,1.6719363915090268,16.05248325066605
0.1,1,1.5888849166666668,0.14492403696215359,1.622328503158927,16.334431532498897
0.1,1,1.9861150833333334,0.18111402096725357,1.5826118838606338,16.616159545914545
0.1,1,2.3833333333333333,0.21728727325093805,1.5514348383482284,16.897656652572007
0.1,1,2.7805515833333336,0.2534452607990615,1.5276282201450448,17.178936725571667
0.1,1,3.17778175,0.2895893980126802,1.5101839210322627,17.460012890364474
0.1,1,3.575,0.3257178034665942,1.4982331912290696,17.74087236583161
0.1,1,3.9722182499999996,0.36183181039481405,1.4910250348081995,18.02152712339284
0.1,1,4.369448416666668,0.39793271769323313,1.4879117471816778,18.30198864624936
0.1,1,4.766666666666667,0.4340185479307812,1.4883343177839312,18.582242788273117
0.1,1,5.1638849166666665,0.4700905479655727,1.4918100516704775,18.862300292793368
0.1,1,5.561115083333333,0.5061499420252259,1.4979225818192148,19.142171581379507
0.1,1,5.958333333333333,0.5421946917633623,1.506311782392165,19.421841641811028
0.1,1,6.355551583333333,0.5782259880675341,1.5166672925843616,19.70132042162903
0.1,1,6.7527817500000005,0.6142450067151525,1.5287213808563496,19.980617653538985
0.1,1,7.15,0.6502496709776314,1.5422417393834804,20.259717779603033
0.1,1,7.54721825,0.6862411353051804,1.557028790789873,20.538630229296988
0.1,1,7.944448416666666,0.7222205438729427,1.5729103747959623,20.817364286006004
0.1,1,8.341666666666665,0.7581857960508429,1.5897363869071082,21.095904051961398
0.1,1,8.738884916666667,0.7941380224103695,1.6073785128587097,21.374258617131876
0.1,1,9.136115083333333,0.8300783463590767,1.6257260819924126,21.652436969629488
0.1,1,9.533333333333333,0.8660046526768496,1.6446818882290892,21.930423004244712
0.1,1,9.930551583333333,0.9019180561362651,1.6641634839773911,22.208225586317695
0.1,1,10.327781749999998,0.9378196663494057,1.6840997815062662,22.48585350781679
0.1,1,10.725,0.973707359496304,1.7044276327268721,22.763290541259952
0.1,1,11.12221825,1.0095822397520626,1.7250941254983412,23.040545401312702
0.1,1,11.519448416666668,1.045445407422513,1.7460536650802012,23.31762674762732
0.1,1,11.916666666666666,1.0812947339426533,1.7672650413996385,23.594518285256996
0.1,2,12.25,1e-06,1.7672650413996385,23.594518285256996
0.1,2,12.6444405,0.035587065193781964,1.7885432125794092,23.869294844875224
0.1,2,13.038892833333334,0.07116164964999215,1.8100079012647303,24.14390123600354
0.1,2,13.433333333333334,0.10672263719833458,1.8316325080882552,24.418321242237862
0.1,2,13.827773833333334,0.1422711118393982,1.853395787687981,24.69256334024538
0.1,2,14.222226166666667,0.1778081551193096,1.8752794648642592,24.966635971795768
0.1,2,14.616666666666667,0.21333165023741152,1.8972658433368166,25.240522911522497
0.1,2,15.011107166666667,0.24884267757206854,1.9193414094465284,25.514232584592044
0.1,2,15.4055595,0.2843423153856368,1.941494570518355,25.787773386085526
0.1,2,15.8,0.3198284472457006,1.963713388666833,26.06112909587205
0.1,2,16.1944405,0.3553021507828848,1.985989351507263,26.3343081000508
0.1,2,16.588892833333333,0.39076450173195204,2.0083151895143123,26.60731875776563
0.1,2,16.983333333333334,0.426213384672773,2.030682690718348,26.880144863278307
0.1,2,17.377773833333332,0.4616498750548485,2.053086579030184,27.152794771676838
0.1,2,17.772226166666666,0.49707504657549434,2.075522382749766,27.42527681313671
0.1,2,18.166666666666668,0.5324867852417645,2.097984301675169,27.69757480221135
0.1,2,18.561107166666666,0.5678861646896427,2.12046915466735,27.969697068204223
0.1,2,18.9555595,0.6032742568971586,2.1429742813563726,28.24165191684604
0.1,2,19.35,0.6386489495652934,2.1654954432889406,28.513423186774453
0.1,2,19.7444405,0.67401131475543,2.1880308159303206,28.785019184905284
0.1,2,20.138892833333333,0.7093624229332406,2.21057891198905,29.05644819546658
0.1,2,20.533333333333335,0.7447001636645575,2.23313650474334,29.327694083610403
0.1,2,20.927773833333333,0.7800256075918267,2.255702648441719,29.598765136078164
0.1,2,21.322226166666667,0.8153398238033261,2.2782766157751997,29.869669617514152
0.1,2,21.716666666666665,0.8506407038386667,2.3008558357249376,30.140391421133568
0.1,2,22.111107166666667,0.8859293170231436,2.323439931985832,30.410938814950597
0.1,2,22.5055595,0.9212067311560231,2.346028669764146,30.681320045282394
0.1,2,22.9,0.956470839819499,2.3686199032004067,30.951519034385555
0.1,2,23.2944405,0.9917227110886193,2.391213625100374,31.221544032498283
0.1,2,23.688892833333334,1.0269634115318604,2.413809919944968,31.491403268438386
0.1,2,24.083333333333332,1.062190836816826,2.436406917692963,31.761080694112778
0.1,3,24.666666666666668,1e-06,2.436406917692963,31.761080694112778
0.1,3,25.174994916666666,0.0453794525742309,2.4655293881139406,32.10833450802776
0.1,3,25.68333841666667,0.09073901432581088,2.4946530170168586,32.45531079449371
0.1,3,26.191666666666666,0.13607698486576092,2.5237754701672324,32.80198903577987
0.1,3,26.699994916666665,0.1813947454201106,2.5528971307412167,33.148379931957344
0.1,3,27.208338416666667,0.22669367473969346,2.5820184620910003,33.494494147904945
0.1,3,27.716666666666665,0.2719710759172787,2.6111373738691905,33.84031121539533
0.1,3,28.224994916666667,0.31722832821882585,2.6402544523274702,34.18584180663138
0.1,3,28.733338416666665,0.36246680845340445,2.6693703299784213,34.531096558883945
0.1,3,29.241666666666667,0.40768382321784524,2.6984830580068486,34.87605505374635
0.1,3,29.749994916666665,0.4528807498513554,2.7275933402063766,35.22072793602695
0.1,3,30.258338416666668,0.49805896324994614,2.7567019069989382,35.56512581579678
0.1,3,30.766666666666666,0.5432157735230244,2.785806891857562,35.909228324590906
0.1,3,31.274994916666667,0.5883525561047782,2.8149090665983,36.253046080132144
0.1,3,31.783338416666666,0.6334706839972115,2.8440092182937873,36.5965896655626
0.1,3,32.291666666666664,0.6785674708228521,2.873105528395329,36.93983876236677
0.1,3,32.79999491666667,0.7236442901258847,2.9021988080554326,37.28280396139548
0.1,3,33.308338416666665,0.7687025130277583,2.9312898770922042,37.62549581905314
0.1,3,33.81666666666667,0.8137394566600639,2.9603769450546356,37.96789406671604
0.1,3,34.32499491666667,0.8587564926881002,2.9894608458044987,38.31000926852104
0.1,3,34.83333841666667,0.9037549903629584,3.018542418046481,38.65185195427984
0.1,3,35.34166666666667,0.9487322703185873,3.047619887901748,38.99340190516518
0.1,3,35.84999491666667,0.9936897023502449,3.0766941022979473,39.3346696587257
0.1,3,36.35833841666667,1.0386286538469676,3.105765910786872,39.67566571829848
0.1,3,36.86666666666667,1.0835464489368343,3.1348335493769715,40.0163699147357
0.1,3,37.374994916666665,1.1284444555525832,3.1638978724653395,40.356792759104756
0.1,3,37.88333841666667,1.17332403922839,3.1929597357842545,40.69694472837034
0.1,3,38.391666666666666,1.218182527577369,3.222017381350638,41.0368057029348
0.1,3,38.899994916666664,1.2630212866764814,3.251071667781053,41.376386167480135
0.1,3,39.408338416666666,1.3078416802115835,3.2801234542776174,41.71569657269167
0.1,3,39.916666666666664,1.352641039271244,3.309170986614497,42.05471684838568
0.1,4,40.5,1e-06,3.309170986614497,42.05471684838568
0.1,4,41.116660499999995,0.054318821565327295,3.344403471584217,42.46557585172865
0.1,4,41.73333950000001,0.1086093640397368,3.379631589289631,42.87603615856241
0.1,4,42.35,0.1628694058522683,3.4148532895319406,43.28607365071406
0.1,4,42.966660499999996,0.2171006105682197,3.4500696777443576,43.69570113769228
0.1,4,43.5833395,0.27130463824601664,3.4852818468892792,44.10493137914512
0.1,4,44.2,0.3254782723573628,3.5204877119249987,44.51374032859616
0.1,4,44.816660500000005,0.37962317372523685,3.555688348931918,44.92214075656384
0.1,4,45.433339499999995,0.4337409996767445,3.590884827110427,45.330145383862394
0.1,4,46.05,0.48782853870285536,3.626075043567253,45.73773023537919
0.1,4,46.6666605,0.5418874488900552,3.661260058752792,46.144908042725284
0.1,4,47.283339500000004,0.5959193848407591,3.6964409291699813,46.55169148797529
0.1,4,47.9,0.6499211400444935,3.7316155429951596,46.95805666708597
0.1,4,48.51666050000001,0.7038943698591404,3.766784952251604,47.36401627287316
0.1,4,49.1333395,0.7578407261707067,3.801950206553661,47.76958294878963
0.1,4,49.75,0.8117570074480159,3.8371091898365015,48.17473286158769
0.1,4,50.366660499999995,0.8656448663292952,3.8722629494792575,48.57947866541517
0.1,4,50.98333950000001,0.9195059519932725,3.9074125312590238,48.983832965232814
0.1,4,51.6,0.9733370678696043,3.9425558173380577,49.38777199832594
0.1,4,52.2166605,1.0271398638863476,3.9776938524390357,49.79130838030924
0.1,4,52.833339499999994,1.080915986524502,4.012827680105211,50.19445467778723
0.1,4,53.45,1.1346622441565495,4.047955182027664,50.59718719832219
0.1,4,54.066660500000005,1.1883802840101187,4.083077401317135,50.9995185191342
0.1,4,54.683339499999995,1.242071749878233,4.118195380125559,51.40146116861018
0.1,4,55.3,1.2957334550584667,4.153307000361409,51.80299152433727
0.1,4,55.916660500000006,1.3493670440878762,4.188413304072119,52.20412212528104
0.1,4,56.5333395,1.4029741580813433,4.223515332460666,52.60486546175067
0.1,4,57.15,1.4565516152439826,4.258610968018931,53.00519798110859
0.1,4,57.76666050000001,1.5101010574321727,4.293701252018732,53.40513218420655
0.1,4,58.3833395,1.5636241230925105,4.3287872249458506,53.804680523416124
0.1,4,59.0,1.6171176353202277,4.363866770071756,54.20381951562731
0.1,5,59.416666666666664,1e-06,4.363866770071756,54.20381951562731
0.1,5,60.14443716666666,0.06309411113535969,4.405258770388377,54.674322765528636
0.1,5,60.8722295,0.12615029594497051,4.446643957119894,55.144288201060554
0.1,5,61.6,0.189165827166118,4.488019944059175,55.61368842153265
0.1,5,62.3277705,0.25214265122710167,4.52938804387433,56.082538304495145
0.1,5,63.05556283333333,0.31508270982534586,4.570749548373868,56.550852660234796
0.1,5,63.78333333333333,0.3779822823936864,4.612102012201233,57.01860418325835
0.1,5,64.51110383333334,0.4408433116060587,4.653446699966436,57.485807697736576
0.1,5,65.23889616666666,0.5036677354224087,4.694784865762194,57.95247796081685
0.1,5,65.96666666666667,0.566451839933191,4.736114036687661,58.418587761663794
0.1,5,66.69443716666666,0.629197564066498,4.777435454025071,58.88415187118984
0.1,5,67.4222295,0.691906842054977,4.818750353479006,59.34918499354775
0.1,5,68.15,0.7545759666142987,4.86005624971441,59.8136600120993
0.1,5,68.8777705,0.8172068729393628,4.901354372506088,60.277591644678495
0.1,5,69.60556283333334,0.8798014915489052,4.942645948411102,60.74099454263375
0.1,5,70.33333333333333,0.9423561217541248,4.983928486894565,61.20384168310193
0.1,5,71.06110383333333,1.0048726950313045,5.025203211878063,61.66614773104585
0.1,5,71.78889616666667,1.067353138200144,5.066471345192325,62.12792728522109
0.1,5,72.51666666666667,1.129793757139051,5.1077303945727826,62.58915341613695
0.1,5,73.24443716666666,1.1921964796211448,5.148981580793922,63.04984073610474
0.1,5,73.9722295,1.2545632287826265,5.190226123076288,63.51000379150817
0.1,5,74.7,1.3168903170415218,5.2314615290948305,63.969615745836634
0.1,5,75.4277705,1.379179668483609,5.272689017772086,64.42869115897494
0.1,5,76.15556283333333,1.4414332025774044,5.313909806731009,64.88724452515973
0.1,5,76.88333333333334,1.5036472382533768,5.355121404392724,65.34524910047418
0.1,5,77.61110383333333,1.5658236959259195,5.396325028446993,65.80271939260342
0.1,5,78.33889616666667,1.6279644914117608,5.437521895402903,66.25966984386305
0.1,5,79.06666666666666,1.6900659501269077,5.478709514820871,66.71607380254748
0.1,5,79.79443716666667,1.7521299888303432,5.519889103452892,67.1719457243693
0.1,5,80.52222950000001,1.814158519702899,5.56106187692419,67.62729999994902
0.1,5,81.25,1.8761478746194142,5.602225346129126,68.08211006941258
0.1,6,82.16666666666667,1e-06,5.602225346129126,68.08211006941258
0.1,6,82.99165841666667,0.07022350051522488,5.648876645623364,68.59699652221119
0.1,6,83.81667491666667,0.14040030573237564,5.695518378838389,69.11121877410851
0.1,6,84.64166666666667,0.2105272823942719,5.74214784913925,69.62474707096578
0.1,6,85.46665841666666,0.28060661145784466,5.788766526373358,70.13759791537011
0.1,6,86.29167491666666,0.35064046802662135,5.835375855568508,70.64978772668502
0.1,6,87.11666666666666,0.42062472699396686,5.881973070242822,71.16128686665603
0.1,6,87.94165841666667,0.49056156460448586,5.928559584546458,71.67211177087046
0.1,6,88.76667491666667,0.560453151273276,5.975136800824618,72.18227879203187
0.1,6,89.59166666666667,0.6302953699935578,6.021701922714573,72.6917584070493
0.1,6,90.41665841666666,0.7000903923110966,6.068256339159456,73.20056698470215
0.1,6,91.24167491666667,0.7698403839682751,6.11480143306362,73.70872081125738
0.1,6,92.06666666666666,0.839541236015038,6.161334395913206,74.21619047817438
0.1,6,92.89165841666666,0.909195115317261,6.207856604965497,74.72299228769396
0.1,6,93.71667491666668,0.9788041829644581,6.254369433994095,75.2291424599287
0.1,6,94.54166666666667,1.048364338023633,6.300870070213731,75.73461170032436
0.1,6,95.36665841666667,1.1178777427020645,6.347359885197174,76.23941624488593
0.1,6,96.19167491666667,1.1873465534579974,6.393840248164384,76.7435722478787
0.1,6,97.01666666666667,1.256766677337481,6.440308345569759,77.24705052819435
0.1,6,97.84165841666666,1.3261402719114512,6.486765545966419,77.74986725591837
0.1,6,98.66667491666666,1.3954694890291803,6.5332132160530545,78.2520385197859
0.1,6,99.49166666666666,1.4647502436785997,6.579648543094879,78.75353525160601
0.1,6,100.31665841666667,1.5339846888169013,6.626072893808033,79.25437355586618
0.1,6,101.14167491666667,1.6031749717069173,6.672487633271412,79.75456945609156
0.1,6,101.96666666666667,1.6723170152417823,6.718889950269666,80.2540939964873
0.1,6,102.79165841666666,1.7414129677876207,6.7652812102054005,80.75296321626512
0.1,6,103.61667491666667,1.8104649720433796,6.811662776935995,81.25119307406098
0.1,6,104.44166666666666,1.87946895877105,6.858031841090186,81.74875472595924
0.1,6,105.26665841666666,1.9484270717683188,6.9043897669869345,82.24566414621773
0.1,6,106.09167491666668,2.0173414491927373,6.950737917436223,82.74193722890291
0.1,6,106.91666666666667,2.0862080296390597,6.997073485064363,83.23754524146521
0.1,7,107.33333333333333,1e-06,6.997073485064363,83.23754524146521
0.1,7,108.33332333333333,0.0834085819685422,7.053219613382179,83.83732875468635
0.1,7,109.33334333333333,0.16675172866591548,7.109349644602152,84.43617854542693
0.1,7,110.33333333333333,0.25002556884146454,7.165460502411651,85.0340605209229
0.1,7,111.33332333333333,0.3332327297033705,7.221554069734487,85.6309944514769
0.1,7,112.33334333333333,0.41637583019195257,7.277632160460813,86.2269999898392
0.1,7,113.33333333333333,0.499450010229182,7.333691494615157,86.82204320209799
0.1,7,114.33332333333333,0.5824578901873135,7.389733802786713,87.41614376136279
0.1,7,115.33334333333333,0.6654020822050791,7.4457607873808005,88.00932122367912
0.1,7,116.33333333333333,0.7482777372741513,7.501769091297831,88.60154181252388
0.1,7,117.33332333333333,0.8310874689416904,7.55776038512706,89.19282510396758
0.1,7,118.33334333333333,0.9138338825636995,7.613736327119763,89.78319055761904
0.1,7,119.33333333333333,0.9965121401249315,7.669693532176731,90.37260455325452
0.1,7,120.33332333333333,1.079124848376882,7.725633646733799,90.96108657032393
0.1,7,121.33334333333333,1.1616746059251624,7.781558311040038,91.54865597245919
0.1,7,122.33333333333333,1.2441565856814356,7.837464131108888,92.13527929479511
0.1,7,123.33332333333333,1.3265733876379924,7.893352743157797,92.72097592067941
0.1,7,124.33334333333333,1.4089276036874399,7.949225779603633,93.30576511829862
0.1,7,125.33333333333333,1.491214417606477,8.005079845030384,93.8896135772664
0.1,7,126.33332333333334,1.573436422667196,8.060916570858872,94.47254058538283
0.1,7,127.33334333333333,1.6555962040883618,8.116737585630997,95.05456531594594
0.1,7,128.33333333333334,1.7376889564517441,8.172539495426108,95.63565461219561
0.1,7,129.33332333333334,1.8197172663490444,8.228323928977153,96.21582766695028
0.1,7,130.33334333333335,1.9016837123648556,8.284092512489218,96.79510355918346
0.1,7,131.33333333333334,1.9835834998270248,8.339841854695734,97.37344928492254
0.1,7,132.33332333333334,2.0654192086867984,8.39557358245915,97.95088394257213
0.1,7,133.33334333333332,2.1471934109342805,8.451289320242482,98.52742651734545
0.1,7,134.33333333333334,2.228901322585011,8.506985679902717,99.10304415722723
0.1,7,135.33332333333334,2.3105455169895843,8.56266428674502,99.67775586677415
0.1,7,136.33334333333335,2.3921285595831177,8.61832676371658,100.25158053800081
0.1,7,137.33333333333334,2.4736456770109267,8.673969725997928,100.82448547002586
0.1,8,138.33333333333334,1e-06,8.673969725997928,100.82448547002586
0.1,8,139.40832258333333,0.08755869245412266,8.733764450729248,101.43931739119787
0.1,8,140.48334408333332,0.17504594630970763,8.793539672045613,102.05312891597319
0.1,8,141.55833333333334,0.262457662089875,8.853291906648284,102.665885344165
0.1,8,142.63332258333332,0.34979661147276925,8.91302300528478,103.2776071814003
0.1,8,143.70834408333334,0.43706555706150774,8.972734783861704,103.88831480427754
0.1,8,144.78333333333333,0.5242594114110525,9.032423663398069,104.49797368367841
0.1,8,145.85832258333332,0.6113809385910571,9.092091421296319,105.10660421705252
0.1,8,146.93334408333334,0.6984328936452342,9.151739820271205,105.71422667351891
0.1,8,148.00833333333333,0.7854102010699859,9.211365248338822,106.32080669374236
0.1,8,149.08332258333334,0.8723156173605167,9.270969454611983,106.92636456747915
0.1,8,150.15834408333333,0.9591518900390568,9.330554180995264,107.53092045690805
0.1,8,151.23333333333332,1.0459139554668848,9.390115805815478,108.13444017138842
0.1,8,152.30832258333334,1.1326045626080163,9.449656066641221,108.73694389359822
0.1,8,153.38334408333333,1.219226451507639,9.50917669660668,109.33845167940784
0.1,8,154.45833333333334,1.3057745703207815,9.568674073048646,109.93892950585985
0.1,8,155.53332258333333,1.3922516605267103,9.628149928220838,110.53839744921429
0.1,8,156.60834408333332,1.4786604547401911,9.687605990966206,111.13687545969593
0.1,8,157.68333333333334,1.5649959128411892,9.747038640895628,111.73432968105224
0.1,8,158.75832258333332,1.6512607688716021,9.80644960726413,112.33078008379891
0.1,8,159.83334408333334,1.7374577480629634,9.865840616287574,112.92624651318611
0.1,8,160.90833333333333,1.8235818219525102,9.925208051090053,113.52069527870412
0.1,8,161.98332258333332,1.9096357171922598,9.98455363878544,114.11414624579947
0.1,8,163.05834408333334,1.9956221516776769,10.043879103576762,114.70661915541827
0.1,8,164.13333333333333,2.081536108536318,10.103180832584597,115.2980804818417
0.1,8,165.20832258333334,2.1673803070776083,10.162460551094583,115.8885499861195
0.1,8,166.28334408333333,2.253157457907859,10.22171998151891,116.47804730556076
0.1,8,167.35833333333332,2.338862555678542,10.280955515175217,117.06653907829342
0.1,8,168.43332258333334,2.424498312403467,10.340168875630138,117.65404496163832
0.1,8,169.50834408333333,2.510067431446379,10.399361783580247,118.2405844899299
0.1,8,170.58333333333334,2.5955649189167422,10.458530634634824,118.82612446420559
0.1,9,171.0,1e-06,10.458530634634824,118.82612446420559
0.1,9,172.28609825,0.10219007114019672,10.529284423214516,119.52525201562919
0.1,9,173.57223508333334,0.2042838162973981,10.600006342709415,120.22300161037207
0.1,9,174.85833333333332,0.30627634713496743,10.670692668967822,120.91933475631032
0.1,9,176.14443158333333,0.40817096000472597,10.741345850012854,121.6142757068428
0.1,9,177.43056841666666,0.5099709388904654,10.811968198538453,122.30784853952005
0.1,9,178.71666666666667,0.611670411172965,10.882555584813554,123.000014985688
0.1,9,180.00276491666668,0.7132726624665954,10.953110171824214,123.69079914608066
0.1,9,181.28890175,0.8147809660777595,11.023634076021809,124.38022494643774
0.1,9,182.575,0.9161894649045651,11.094123041142394,125.06825433873016
0.1,9,183.86109825,1.017501433842001,11.164579136535105,125.75491127128404
0.1,9,185.14723508333333,1.1187201355570842,11.235004413647731,126.4402195185685
0.1,9,186.43333333333334,1.219839728331135,11.305394579744181,127.12414125127266
0.1,9,187.71943158333335,1.3208634764017317,11.375751672318046,127.80670026619582
0.1,9,189.00556841666668,1.4217946318643695,11.446077720203006,128.48792018750143
0.1,9,190.29166666666666,1.5226273682712994,11.516368423346053,129.16776340300035
0.1,9,191.57776491666667,1.6233649392782963,11.58662580736254,129.84625355904004
0.1,9,192.86390175,1.7240105864863116,11.65685189218477,130.52341413057275
0.1,9,194.15,1.8245584986138375,11.727042379925425,131.19920772104268
0.1,9,195.43609825000001,1.925011918814329,11.797199290786295,131.8736578274755
0.1,9,196.72223508333335,2.025374078273591,11.86732464023481,132.54678777674118
0.1,9,198.00833333333333,2.1256391807746557,11.937414135663232,133.21856038647113
0.1,9,199.29443158333333,2.2258104590488657,12.007469793947022,133.88899900550973
0.1,9,200.58056841666667,2.325891133946536,12.07749362751796,134.55812681377716
0.1,9,201.86666666666667,2.425875424215026,12.147481350095237,135.2259068416673
0.1,9,203.15276491666665,2.5257665522434856,12.217434975894022,135.8923622909795
0.1,9,204.43890174999999,2.6255677286259615,12.287356514762633,136.5575161958105
0.1,9,205.725,2.725273186974927,12.35724168712226,137.22133179790612
0.1,9,207.01109825,2.8248861394166442,12.427092504731434,137.88383215314806
0.1,9,208.29723508333333,2.9244097863674607,12.496910974989115,138.5450401509269
0.1,9,209.58333333333334,3.023838376206584,12.566692825174146,139.20491924294146
0.1,10,210.83333333333334,1e-06,12.566692825174146,139.20491924294146
0.1,10,212.25831908333333,0.11005428007857504,12.643965980368394,139.93445666304652
0.1,10,213.68334758333333,0.21999840955265085,12.721197483174233,140.6624171261989
0.1,10,215.10833333333332,0.3298270874076848,12.798383041594368,141.38876115707492
0.1,10,216.53331908333334,0.4395439031624223,12.875525161910721,142.11351473519144
0.1,10,217.95834758333334,0.5491524320481431,12.952626244313343,142.8367036369264
0.1,10,219.38333333333333,0.6586463905234491,13.02968168715429,143.55828863538892
0.1,10,220.80831908333332,0.7680293553764816,13.106693780915903,144.2782955290924
0.1,10,222.23334758333334,0.8773048891976893,13.183664780541049,144.99674991468774
0.1,10,223.65833333333333,0.9864667257157819,13.260589997989115,145.7136128108301
0.1,10,225.08331908333332,1.0955184290453306,13.33747165717598,146.42890983584033
0.1,10,226.50834758333335,1.2044635492092304,13.414311967542066,147.14266640768417
0.1,10,227.93333333333334,1.3132958370591945,13.49110622141638,147.8548437884712
0.1,10,229.35831908333333,1.4220188441288157,13.567856620762747,148.56546741764618
0.1,10,230.78334758333332,1.5306361079701105,13.644565359357273,149.27456253586428
0.1,10,232.20833333333334,1.6391413964281274,13.72122772994358,149.9820906468458
0.1,10,233.63331908333333,1.7475382485579067,13.797845925891332,150.68807701261585
0.1,10,235.05834758333333,1.8558301895434772,13.874422134247544,151.39254669798177
0.1,10,236.48333333333332,1.9640110040994776,13.950951654234252,152.09546144651537
0.1,10,237.90831908333334,2.0720842189069826,14.027436674623415,152.79684634430896
0.1,10,239.33334758333334,2.1800533468859995,14.103879378402501,153.4967262818003
0.1,10,240.75833333333333,2.2879121894994903,14.180275073140903,154.19506324068848
0.1,10,242.18331908333332,2.395664261159012,14.256625944198644,154.8918821326181
0.1,10,243.60834758333334,2.503313062624073,14.332934171290551,155.58720767512918
0.1,10,245.03333333333333,2.6108524119861203,14.409195070940177,156.2810020863443
0.1,10,246.45831908333332,2.718285811490829,14.485410825435535,156.9732901049338
0.1,10,247.88334758333335,2.825616749839831,14.56158361143866,157.66409627699906
0.1,10,249.30833333333334,2.932839061634333,14.637708754653051,158.3533830553981
0.1,10,250.73331908333333,3.0399562370567614,14.713788434379508,159.0411750072862
0.1,10,252.15834758333332,3.146971752852469,14.78982482427597,159.7274965087707
0.1,10,253.58333333333334,3.253879460014704,14.865813259335967,160.41231024577127
0.5,1,0.0,1e-06,1.8971007608000001,15.20517956
0.5,1,0.39721825,0.03355262191135852,1.8227754048365508,15.466501074186942
0.5,1,0.7944484166666667,0.06702612347870411,1.7612375522523127,15.727104325433997
0.5,1,1.1916666666666667,0.10042243756872224,1.71080125094473,15.987000667917368
0.5,1,1.5888849166666668,0.13374513831382367,1.6700031209970734,16.24622150252692
0.5,1,1.9861150833333334,0.1669974719307254,1.637577064607612,16.504795221056373
0.5,1,2.3833333333333333,0.20017941982952658,1.6124286331651865,16.762724446705008
0.5,1,2.7805515833333336,0.23329371448580055,1.593606762994494,17.020032856955723
0.5,1,3.17778175,0.2663428727654725,1.580287286148176,17.2767421507641
0.5,1,3.575,0.29932626105409765,1.5717560194567957,17.532849307598344
0.5,1,3.9722182499999996,0.33224606187941813,1.5673921294290647,17.78837295838233
0.5,1,4.369448416666668,0.3651043145435123,1.5666569632895113,18.04333041973934
0.5,1,4.766666666666667,0.3978999870565132,1.5690825081380677,18.2977150154725
0.5,1,5.1638849166666665,0.43063490033996515,1.5742621308327118,18.551542058250917
0.5,1,5.561115083333333,0.463310779041213,1.5818426930849452,18.804825977290008
0.5,1,5.958333333333333,0.49592633318819174,1.5915163733092104,19.05755772903674
0.5,1,6.355551583333333,0.5284831444052781,1.6030161371429055,19.309750430265957
0.5,1,6.7527817500000005,0.5609827286479843,1.616109910498782,19.561416595146618
0.5,1,7.15,0.5934236293687103,1.6305945326560947,19.812545651556572
0.5,1,7.54721825,0.6258072686774888,1.646294286889281,20.06314925249809
0.5,1,7.944448416666666,0.658135023046105,1.6630563770339524,20.313238632177153
0.5,1,8.341666666666665,0.6904053290800907,1.6807462429499977,20.562802237998568
0.5,1,8.738884916666667,0.7226195016054899,1.6992480835693566,20.811850738480345
0.5,1,9.136115083333333,0.7547788229659252,1.7184611653042186,21.06039450406776
0.5,1,9.533333333333333,0.7868816620611374,1.7382960136208174,21.308421360868007
0.5,1,9.930551583333333,0.8189292607306826,1.7586762403185743,21.555941307643543
0.5,1,10.327781749999998,0.8509228370008655,1.7795353854446856,21.802964124636123
0.5,1,10.725,0.8828607177747165,1.8008136745514072,22.049477252572984
0.5,1,11.12221825,0.9147440944887865,1.8224607038443295,22.29549022769681
0.5,1,11.519448416666668,0.946574140498253,1.8444326252872338,22.541012420327792
0.5,1,11.916666666666666,0.9783491576274935,1.86668926999061,22.7860310410606
0.5,2,12.25,1e-06,1.86668926999061,22.7860310410606
0.5,2,12.6444405,0.031500690849399465,1.8890384847474389,23.02884876192401
0.5,2,13.038892833333334,0.06294838947511895,1.9116075673293083,23.271187992542608
0.5,2,13.433333333333334,0.0943423932389247,1.9343697934288206,23.51303588302322
0.5,2,13.827773833333334,0.12568382223086466,1.95730367190765,23.754401324670688
0.5,2,14.222226166666667,0.15697378501357148,1.9803905201330554,23.995293103009285
0.5,2,14.616666666666667,0.188210572624825,2.003612004057506,24.235698310114216
0.5,2,15.011107166666667,0.21939528647334355,2.026953997597381,24.475625665862353
0.5,2,15.4055595,0.25052901809140404,2.050404244707315,24.715083799500068
0.5,2,15.8,0.28161005690798285,2.073949994446883,24.95405978833949
0.5,2,16.1944405,0.31263948989144247,2.097582025901372,25.192562219746538
0.5,2,16.588892833333333,0.34361839525050775,2.121292365564361,25.430599600704927
0.5,2,16.983333333333334,0.3745450639248703,2.145071983446528,25.668159022389748
0.5,2,17.377773833333332,0.40542057128422876,2.1689149309873357,25.905248965732575
0.5,2,17.772226166666666,0.4362459847008747,2.1928160932362566,26.14187783827732
0.5,2,18.166666666666668,0.46701959868640397,2.21676892374396,26.378032763976417
0.5,2,18.561107166666666,0.4977424789245571,2.2407696606345717,26.6137221348789
0.5,2,18.9555595,0.528415683628078,2.2648151001753427,26.848954274476707
0.5,2,19.35,0.5590375122385604,2.288900355825677,27.083716351962067
0.5,2,19.7444405,0.5896090220486296,2.3130231293362535,27.31801668238352
0.5,2,20.138892833333333,0.6201312632491673,2.337181496924415,27.55186351562092
0.5,2,20.533333333333335,0.6506025411020372,2.3613716828573055,27.78524407427581
0.5,2,20.927773833333333,0.6810239053919177,2.385592370180433,28.018166604500564
0.5,2,21.322226166666667,0.711396399066036,2.4098424937391,28.250639289704136
0.5,2,21.716666666666665,0.7417183337850636,2.434119021954155,28.4826494112063
0.5,2,22.111107166666667,0.7719907524341042,2.458421296909244,28.71420515184593
0.5,2,22.5055595,0.8022146912548377,2.482748830437415,28.945314633498995
0.5,2,22.9,0.8323884686772722,2.5070990899063874,29.175965199603624
0.5,2,23.2944405,0.8625131211115321,2.5314718607971725,29.40616497358149
0.5,2,23.688892833333334,0.8925896784711758,2.5558670433726154,29.635922019238972
0.5,2,24.083333333333332,0.9226164661871108,2.5802824397110107,29.86522374425748
0.5,3,24.666666666666668,1e-06,2.5802824397110107,29.86522374425748
0.5,3,25.174994916666666,0.03861660270432766,2.611779057715802,30.159990011617356
0.5,3,25.68333841666667,0.07715273943185336,2.643307443975883,30.454025277189583
0.5,3,26.191666666666666,0.1156073708418294,2.6748649472021246,30.747314402369387
0.5,3,26.699994916666665,0.15398192206155703,2.706451860190143,31.039868677107183
0.5,3,27.208338416666667,0.19227780736243863,2.738068568728792,31.331699291734974
0.5,3,27.716666666666665,0.23049299800532136,2.769712687950077,31.622791204932806
0.5,3,28.224994916666667,0.2686289082113703,2.801384743425849,31.913155606571674
0.5,3,28.733338416666665,0.3066869415206297,2.8330853184027496,32.202803588508
0.5,3,29.241666666666667,0.34466507989064693,2.8648121882327313,32.49172020757936
0.5,3,29.749994916666665,0.38256472691834414,2.8965660210213864,32.77991655616413
0.5,3,30.258338416666668,0.42038727566858325,2.9283475210982033,33.06740362999391
0.5,3,30.766666666666666,0.45813071881859635,2.9601545595795455,33.35416658427476
0.5,3,31.274994916666667,0.49579644955917507,2.9919878922738072,33.64021641589387
0.5,3,31.783338416666666,0.53338585068192,3.023848298151941,33.925564026310965
0.5,3,32.291666666666664,0.5708969255632076,3.0557337048911535,34.210194668912095
0.5,3,32.79999491666667,0.6083310571663288,3.0876449226093823,34.494119246732474
0.5,3,33.308338416666665,0.6456896181778385,3.1195827766131203,34.77734856850357
0.5,3,33.81666666666667,0.6829706226264908,3.151545227247624,35.059867985362224
0.5,3,34.32499491666667,0.7201754434019538,3.1835331185554674,35.34168830790376
0.5,3,34.83333841666667,0.7573054432327094,3.21554730488579,35.62282025348005
0.5,3,35.34166666666667,0.794358646737391,3.2475857646639175,35.903249270405254
0.5,3,35.84999491666667,0.831336416870121,3.2796493633838115,36.18298607810183
0.5,3,36.35833841666667,0.868240106534628,3.311738973847561,36.46204130376546
0.5,3,36.86666666666667,0.9050677508675677,3.34385258364043,36.74040049222825
0.5,3,37.374994916666665,0.9418207030152559,3.3759910720573525,37.018074272911946
0.5,3,37.88333841666667,0.9785003061809652,3.4081553238529225,37.295073183996685
0.5,3,38.391666666666666,1.0151046059420443,3.4403433303125817,37.57138286612285
0.5,3,38.899994916666664,1.0516349457577463,3.472555979828392,37.847013859819555
0.5,3,39.408338416666666,1.088092659249004,3.5047941651072443,38.121976615335214
0.5,3,39.916666666666664,1.1244758023534274,3.537055877792461,38.39625686838047
0.5,4,40.5,1e-06,3.537055877792461,38.39625686838047
0.5,4,41.116660499999995,0.04403021910226343,3.5762267308344673,38.72800190945132
0.5,4,41.73333950000001,0.08795346982732333,3.615432706536572,39.05877237028111
0.5,4,42.35,0.13176854386275555,3.6546716409238003,39.38855232365018
0.5,4,42.966660499999996,0.17547718073736418,3.693944846372488,39.71735556362191
0.5,4,43.5833395,0.21908110527462246,3.7332535953039776,40.04519574931722
0.5,4,44.2,0.2625781224154228,3.772595584905251,40.372057075134606
0.5,4,44.816660500000005,0.3059699562371658,3.8119720205334193,40.6979531933487
0.5,4,45.433339499999995,0.34925831626488535,3.8513840862577693,41.02289762269533
0.5,4,46.05,0.3924410204749042,3.8908293970304872,41.346874677191735
0.5,4,46.6666605,0.43551977763017485,3.9303090980408992,41.66989786858054
0.5,4,47.283339500000004,0.47849628210591055,3.969824323747791,41.99198057657628
0.5,4,47.9,0.5213683647409826,4.00937263895747,42.3131072332285
0.5,4,48.51666050000001,0.5641377191534537,4.048955155243522,42.63329121130378
0.5,4,49.1333395,0.6068060247436344,4.088572979431429,42.95254575310046
0.5,4,49.75,0.6493711250658413,4.128223644445337,43.270855407350496
0.5,4,50.366660499999995,0.6918346987795735,4.167908243334782,43.58823340955424
0.5,4,50.98333950000001,0.7341984104983962,4.207627867795125,43.90469286632045
0.5,4,51.6,0.7764601163599019,4.247380029311944,44.2202184418507
0.5,4,52.2166605,0.818621480259222,4.287165811012947,44.53482323616108
0.5,4,52.833339499999994,0.8606841522172279,4.326986296596572,44.8485202219515
0.5,4,53.45,0.9026460008314277,4.366838982117105,45.16129417776109
0.5,4,54.066660500000005,0.9445086754296477,4.40672494569711,45.47315806993007
0.5,4,54.683339499999995,0.986273811635891,4.446645267118562,45.78412473904647
0.5,4,55.3,1.0279392903895548,4.486597430487852,46.0941790769039
0.5,4,55.916660500000006,1.06950674664829,4.526582511739833,46.40333391797565
0.5,4,56.5333395,1.1109778018345238,4.566601589080025,46.71160197252996
0.5,4,57.15,1.1523503491148812,4.606652136710464,47.01896824456277
0.5,4,57.76666050000001,1.1936260092724769,4.646735229996579,47.32544543847569
0.5,4,58.3833395,1.2348063897216452,4.686851946912282,47.631046135992634
0.5,4,59.0,1.2758893957438215,4.726999752975206,47.9357554522803
0.5,5,59.416666666666664,1e-06,4.726999752975206,47.9357554522803
0.5,5,60.14443716666666,0.04835304837421796,4.774423302935223,48.2941441197895
0.5,5,60.8722295,0.09657384408579608,4.821890507669792,48.65132579678521
0.5,5,61.6,0.1446611005642398,4.869398742051344,49.00728461939712
0.5,5,62.3277705,0.19261686388433577,4.916949570876848,49.36203680394745
0.5,5,63.05556283333333,0.2404431612113946,4.964544496297805,49.71559839323689
0.5,5,63.78333333333333,0.28813772010233213,5.012180680950794,50.067953653034344
0.5,5,64.51110383333334,0.3357025653037225,5.059859526953708,50.41911860394515
0.5,5,65.23889616666666,0.3831397028731953,5.107582404626253,50.769109095076786
0.5,5,65.96666666666667,0.43044687419564975,5.155346358267969,51.117909519089714
0.5,5,66.69443716666666,0.477626082901397,5.203152703475978,51.465535702817306
0.5,5,67.4222295,0.5246793141743763,5.2510027404940915,51.81200330382104
0.5,5,68.15,0.5716043230106865,5.298893445494164,52.15729683966363
0.5,5,68.8777705,0.6184030921957375,5.34682608825841,52.50143194589662
0.5,5,69.60556283333334,0.6650775863206189,5.394801932002557,52.84442409111259
0.5,5,70.33333333333333,0.7116255738200689,5.442817911756287,53.18625791619304
0.5,5,71.06110383333333,0.7580490169343509,5.490875273323705,53.52694886815835
0.5,5,71.78889616666667,0.8043498599643126,5.538975260642637,53.86651222940909
0.5,5,72.51666666666667,0.8505258846345811,5.58711478219717,54.204932762780494
0.5,5,73.24443716666666,0.8965790329519986,5.635295071571495,54.542225729622345
0.5,5,73.9722295,0.9425112292382597,5.683517362995138,54.87840622899786
0.5,5,74.7,0.9883202683720723,5.731778546371171,55.213459144449814
0.5,5,75.4277705,1.0340080724418639,5.780079849419784,55.547399554548
0.5,5,76.15556283333333,1.0795765461027318,5.828422501841838,55.880242377886425
0.5,5,76.88333333333334,1.1250234972587958,5.876803379361675,56.211972617534684
0.5,5,77.61110383333333,1.170350828393786,5.925223707285664,56.542605172161394
0.5,5,78.33889616666667,1.2155604248065426,5.973684713601669,56.87215478273919
0.5,5,79.06666666666666,1.2606501073019745,6.022183262337879,57.200606570720865
0.5,5,79.79443716666667,1.3056217590691683,6.070720578268715,57.52797525771906
0.5,5,80.52222950000001,1.3504772463569297,6.119297889207421,57.85427540989505
0.5,5,81.25,1.3952144027487308,6.167912048930828,58.17949226596327
0.5,6,82.16666666666667,1e-06,6.167912048930828,58.17949226596327
0.5,6,82.99165841666667,0.0505649147569237,6.223066482504669,58.546781517381525
0.5,6,83.81667491666667,0.1009815075385705,6.278268818494989,58.91271597743008
0.5,6,84.64166666666667,0.15124850291409012,6.333515860628484,59.27728056825515
0.5,6,85.46665841666666,0.2013681540936568,6.3888092901035245,59.640493065045646
0.5,6,86.29167491666666,0.25134269234958634,6.4441507197493735,60.0023710416792
0.5,6,87.11666666666666,0.3011698558173844,6.499536721698198,60.362899544792754
0.5,6,87.94165841666667,0.35085187156528275,6.554968801826818,60.72209610968547
0.5,6,88.76667491666667,0.4003909450119557,6.6104484326321495,61.079978072990784
0.5,6,89.59166666666667,0.44978482753798404,6.665972061550794,61.4365306028882
0.5,6,90.41665841666666,0.49903572037971106,6.721541104690381,61.79177099763227
0.5,6,91.24167491666667,0.5481458034387023,6.777156962740925,62.14571635970044
0.5,6,92.06666666666666,0.5971128411211671,6.832816013575785,62.498351976800976
0.5,6,92.89165841666666,0.6459390092127356,6.888519627608946,62.84969491364171
0.5,6,93.71667491666668,0.6946264624893249,6.944269169076788,63.19976204213627
0.5,6,94.54166666666667,0.7431729782154769,7.000060974911654,63.54853876798654
0.5,6,95.36665841666667,0.7915807071388274,7.055896392639927,63.8960419261409
0.5,6,96.19167491666667,0.8398517793244366,7.111776768364781,64.24228816175547
0.5,6,97.01666666666667,0.8879839847546155,7.167698413071107,64.58726299723587
0.5,6,97.84165841666666,0.9359794495631145,7.223662663254308,64.93098304166283
0.5,6,98.66667491666666,0.983840279526168,7.279670856425113,65.27346471730769
0.5,6,99.49166666666666,1.0315642772170024,7.335719285581534,65.6146936621158
0.5,6,100.31665841666667,1.0791535445807388,7.391809282386255,65.95468626320255
0.5,6,101.14167491666667,1.1266101635259083,7.447942180755552,66.2934587238189
0.5,6,101.96666666666667,1.1739319490968219,7.50411426001822,66.63099679635027
0.5,6,102.79165841666666,1.2211209794712266,7.560326850267311,66.96731664981236
0.5,6,103.61667491666667,1.2681793131060797,7.616581284463187,67.30243427225436
0.5,6,104.44166666666666,1.3151047774005504,7.672873830689285,67.63633552943519
0.5,6,105.26665841666666,1.3618994271797278,7.729205819203751,67.96903637607646
0.5,6,106.09167491666668,1.4085652978581418,7.785578583419444,68.3005525887801
0.5,6,106.91666666666667,1.4551002290754613,7.8419883816102605,68.63087014562917
0.5,7,107.33333333333333,1e-06,7.8419883816102605,68.63087014562917
0.5,7,108.33332333333333,0.05621776487288042,7.91041359195533,69.02951876861357
0.5,7,109.33334333333333,0.1122481061153497,7.978891362583624,69.4264531711234
0.5,7,110.33333333333333,0.1680897739017383,8.047418074433637,69.82165974109883
0.5,7,111.33332333333333,0.2237455481289265,8.11599602291503,70.21516047141878
0.5,7,112.33334333333333,0.27921817913689756,8.184627314469415,70.6069770837353
0.5,7,113.33333333333333,0.33450542855011467,8.253307726648318,70.99709607105994
0.5,7,114.33332333333333,0.3896100375405357,8.322039095346176,71.38553907091499
0.5,7,115.33334333333333,0.44453471808888073,8.390823168763124,71.77232745295127
0.5,7,116.33333333333333,0.49927724260262685,8.459655431465693,72.15744780912999
0.5,7,117.33332333333333,0.5538403138744933,8.528537501740672,72.54092142478892
0.5,7,118.33334333333333,0.6082266059688359,8.59747095815916,72.92276932164197
0.5,7,119.33333333333333,0.6624339017432092,8.6664511398493,73.30297818754472
0.5,7,120.33332333333333,0.7164648661985992,8.735479562464167,73.68156896104169
0.5,7,121.33334333333333,0.7703221361098249,8.804557724748664,74.05856232166191
0.5,7,122.33333333333333,0.8240035046079606,8.8736808910472,74.43394505153518
0.5,7,123.33332333333333,0.8775115995934577,8.942850529326034,74.8077377487555
0.5,7,124.33334333333333,0.930849021254946,9.012068101506792,75.17996075712117
0.5,7,125.33333333333333,0.9840135728929573,9.081328831330357,75.55060095208138
0.5,7,126.33332333333334,1.0370078460372871,9.150634165503693,75.91967859797724
0.5,7,127.33334333333333,1.0898344050196902,9.219985549858816,76.28721370956889
0.5,7,128.33333333333334,1.1424910632389196,9.289378184331113,76.65319325497113
0.5,7,129.33332333333334,1.1949803765921196,9.358813507183227,77.01763717154448
0.5,7,130.33334333333335,1.2473048742857349,9.428292958245638,77.38056515172403
0.5,7,131.33333333333334,1.2994623797595526,9.497811722124245,77.7419642557655
0.5,7,132.33332333333334,1.3514554140099582,9.567371234924762,78.1018541007649
0.5,7,133.33334333333332,1.4032864718408997,9.636972935451366,78.46025406346519
0.5,7,134.33333333333334,1.454953386681213,9.706611997453258,78.81715129578585
0.5,7,135.33332333333334,1.5064586453458064,9.776289858021437,79.17256510115897
0.5,7,136.33334333333335,1.5578047089452396,9.846007957441428,79.52651454714233
0.5,7,137.33333333333334,1.6089894208464879,9.915761461142983,79.87898687685215
0.5,8,138.33333333333334,1e-06,9.915761461142983,79.87898687685215
0.5,8,139.40832258333333,0.05484101235821284,9.990786202689645,80.2562102702084
0.5,8,140.48334408333332,0.10950023020708777,10.065852737089708,80.63177083458909
0.5,8,141.55833333333334,0.16397649574275525,10.140956239081712,81.00565632986473
0.5,8,142.63332258333332,0.218272557005787,10.216098532020567,81.37788819283772
0.5,8,143.70834408333334,0.2723911325788708,10.291281359583655,81.74848758999218
0.5,8,144.78333333333333,0.3263300733170154,10.366499634844017,82.11744236065621
0.5,8,145.85832258333332,0.38009208744042766,10.441754986638804,82.48477357622336
0.5,8,146.93334408333334,0.43367985420662647,10.517049008075945,82.85050204231297
0.5,8,148.00833333333333,0.48709123284521605,10.592376486123563,83.21461567510208
0.5,8,149.08332258333334,0.5403288924140518,10.667738960307984,83.57713518661353
0.5,8,150.15834408333333,0.5933954735401017,10.743137955119881,83.9380810279761
0.5,8,151.23333333333332,0.6462888436940835,10.81856819590262,84.29744119099077
0.5,8,152.30832258333334,0.6990116335270983,10.894031182746383,84.65523603524345
0.5,8,153.38334408333333,0.7515664458012946,10.969528410457219,85.01148566439895
0.5,8,154.45833333333334,0.8039511561639585,11.045054573795525,85.36617814529
0.5,8,155.53332258333333,0.8561683576494068,11.120611157221418,85.7193334923146
0.5,8,156.60834408333332,0.9082206159428181,11.196199644490774,86.07097146890325
0.5,8,157.68333333333334,0.9601058148340591,11.271814715020236,86.42108021660856
0.5,8,158.75832258333332,1.011826510535598,11.34745784910834,86.76967941193531
0.5,8,159.83334408333334,1.0633852324428639,11.42313052847386,87.1167884853036
0.5,8,160.90833333333333,1.114779872466889,11.498827424925137,87.46239565278933
0.5,8,161.98332258333332,1.1660129507846462,11.574550020200883,87.80652026022001
0.5,8,163.05834408333334,1.2170869612779998,11.650299798413196,88.1491814121279
0.5,8,164.13333333333333,1.2679998039619078,11.72607142791555,88.49036739895405
0.5,8,165.20832258333334,1.31875396374955,11.801866394684321,88.83009724293017
0.5,8,166.28334408333333,1.3693518997697702,11.877686187460652,89.16838972967975
0.5,8,167.35833333333332,1.4197915201245317,11.953525473575603,89.50523322385371
0.5,8,168.43332258333334,1.4700752752177162,12.029385744691751,89.84064643101152
0.5,8,169.50834408333333,1.5202055901681972,12.105268495356702,90.17464782468647
0.5,8,170.58333333333334,1.5701803811466233,12.181168393477114,90.50722584357126
0.5,9,171.0,1e-06,12.181168393477114,90.50722584357126
0.5,9,172.28609825,0.05957105429897958,12.271990870644242,90.90310755160829
0.5,9,173.57223508333334,0.11892551815461933,12.36283421298842,91.29700638573284
0.5,9,174.85833333333332,0.1780623680184986,12.4536933895395,91.68891282261198
0.5,9,176.14443158333333,0.23698490360216987,12.5445711275386,92.07885261901426
0.5,9,177.43056841666666,0.29569638686286576,12.635469840642491,92.46685118525821
0.5,9,178.71666666666667,0.3541947963788945,12.726383527292358,92.85289901752671
0.5,9,180.00276491666668,0.412483376078049,12.817314186235715,93.23702136069237
0.5,9,181.28890175,0.4705653326178481,12.908263681970308,93.6192431176197
0.5,9,182.575,0.5284386457113613,12.999225595311852,93.9995547949046
0.5,9,183.86109825,0.5861065040143899,13.090201615075394,94.37798113022001
0.5,9,185.14723508333333,0.6435720596049915,13.181193373768336,94.7545465255857
0.5,9,186.43333333333334,0.7008332930417122,13.272194275970516,95.12924149535601
0.5,9,187.71943158333335,0.7578933387197037,13.363205883183268,95.50209027928477
0.5,9,189.00556841666668,0.814755295226383,13.454229734578744,95.87311678853844
0.5,9,190.29166666666666,0.8714171439749006,13.545259164823872,96.24231154531364
0.5,9,191.57776491666667,0.9278819663054175,13.636295688278942,96.6096983025086
0.5,9,192.86390175,0.9841528085414102,13.7273408117973,96.97530049169333
0.5,9,194.15,1.0402276530831305,13.818387847609076,97.33910864412248
0.5,9,195.43609825000001,1.0961095294838876,13.909438298401557,97.70114603747578
0.5,9,196.72223508333335,1.1518014330682025,14.000493665789012,98.06143563533475
0.5,9,198.00833333333333,1.2073013474033674,14.09154726126666,98.41996797966331
0.5,9,199.29443158333333,1.2626122515297054,14.182600591707217,98.77676588461219
0.5,9,200.58056841666667,1.3177370910333006,14.27365516565201,99.13185185734153
0.5,9,201.86666666666667,1.3726738508429805,14.364704304207299,99.4852164523093
0.5,9,203.15276491666665,1.4274254607415635,14.455749525637735,99.83688203165804
0.5,9,204.43890174999999,1.4819948178147393,14.546792350983386,100.18687065748732
0.5,9,205.725,1.5363799085478016,14.63782611626617,100.53517289853791
0.5,9,207.01109825,1.5905836146932932,14.728852354503823,100.88181067620577
0.5,9,208.29723508333333,1.6446087860448522,14.819872601867049,101.22680561861819
0.5,9,209.58333333333334,1.6984534108337044,14.910880212334614,101.57014831053733
0.5,10,210.83333333333334,1e-06,14.910880212334614,101.57014831053733
0.5,10,212.25831908333333,0.05944236283388564,15.011696020369916,101.94856843557156
0.5,10,213.68334758333333,0.11866911150880742,15.112494977299649,102.32501415707625
0.5,10,215.10833333333332,0.1776793168287792,15.213270623224002,102.69947779438624
0.5,10,216.53331908333334,0.23647635939386477,15.3140252841712,103.07198535811345
0.5,10,217.95834758333334,0.2950635802766516,15.414761072238871,103.44256249614867
0.5,10,219.38333333333333,0.35343904643190427,15.515470884210542,103.81120149250432
0.5,10,220.80831908333332,0.41160607723213566,15.616156566263903,104.17792779594188
0.5,10,222.23334758333334,0.46956795321807476,15.716819877060695,104.54276649888561
0.5,10,223.65833333333333,0.5273227370149459,15.817453461664718,104.90570984561822
0.5,10,225.08331908333332,0.5848736877813651,15.918058979289732,105.26678273235245
0.5,10,226.50834758333335,0.6422240266872468,16.01863805475516,105.62600970670027
0.5,10,227.93333333333334,0.6993718120723666,16.119183247275412,105.98338297361929
0.5,10,229.35831908333333,0.756320244249821,16.21969615283456,106.3389268893303
0.5,10,230.78334758333332,0.8130724864331532,16.320178355338488,106.69266546961258
0.5,10,232.20833333333334,0.8696265929310795,16.420622399149874,107.04459088243297
0.5,10,233.63331908333333,0.9259857067000492,16.52102986955967,107.3947269576829
0.5,10,235.05834758333333,0.9821529344900912,16.621402349088573,107.74309719300803
0.5,10,236.48333333333332,1.038126326911962,16.72173239816725,108.08969372244111
0.5,10,237.90831908333334,1.0939089710772436,16.822021613812748,108.43453986341693
0.5,10,239.33334758333334,1.1495039187709521,16.922271594059776,108.77765860919844
0.5,10,240.75833333333333,1.204909217262612,17.022474929296298,109.11904206315779
0.5,10,242.18331908333332,1.2601278993133584,17.122633237871963,109.45871304398658
0.5,10,243.60834758333334,1.3151629632175246,17.222748140586482,109.79669405409412
0.5,10,245.03333333333333,1.370012453260852,17.322812264380403,110.13297716947211
0.5,10,246.45831908333332,1.42467934931497,17.42282725305103,110.46758472347517
0.5,10,247.88334758333335,1.479166597621949,17.52279475326569,110.80053874085853
0.5,10,249.30833333333334,1.5334722398326106,17.622707431949788,111.13183127343473
0.5,10,250.73331908333333,1.5875992043505862,17.722566960082816,111.46148418226578
0.5,10,252.15834758333332,1.641550386764094,17.822375011494483,111.7895190272853
0.5,10,253.58333333333334,1.695323826425738,17.922124295124775,112.11592783921637
0.9,1,0.0,1e-06,1.8971007608000001,15.20517956
0.9,1,0.39721825,0.03091114905851666,1.8381335434573514,15.445641309786964
0.9,1,0.7944484166666667,0.06169721866372729,1.7895533087156283,15.685033182611486
0.9,1,1.1916666666666667,0.09236185513441537,1.750044997476016,15.923379531950527
0.9,1,1.5888849166666668,0.12290995008873075,1.7184627176511758,16.160721729208742
0.9,1,1.9861150833333334,0.15334592808815017,1.6938109139078568,16.397097121508757
0.9,1,2.3833333333333333,0.1836710869223894,1.6752249770848955,16.63251844304961
0.9,1,2.7805515833333336,0.21388911686498135,1.6619500009153856,16.867016714137602
0.9,1,3.17778175,0.24400339624415293,1.6533284636625478,17.100620267276994
0.9,1,3.575,0.27401433833394434,1.648787302112016,17.333334215449213
0.9,1,3.9722182499999996,0.30392483558741756,1.6478257011909603,17.565182704731445
0.9,1,4.369448416666668,0.3337375693403217,1.6500065972281748,17.796188062159093
0.9,1,4.766666666666667,0.36345236953099597,1.6549476572198603,18.026350374541135
0.9,1,5.1638849166666665,0.39307159378859113,1.6623148108834125,18.25568917977255
0.9,1,5.561115083333333,0.4225974548207311,1.6718160601121221,18.484222767066658
0.9,1,5.958333333333333,0.45202939663431063,1.6831948736363578,18.711947897946533
0.9,1,6.355551583333333,0.4813694150059567,1.6962274320348671,18.938880992491487
0.9,1,6.7527817500000005,0.510619404593314,1.7107178584576974,19.165037599513322
0.9,1,7.15,0.5397785538303049,1.7264931335043316,19.390412278451766
0.9,1,7.54721825,0.5688486112219647,1.7434027725326702,19.615019318829656
0.9,1,7.944448416666666,0.5978312533296501,1.76131494582649,19.838872390284326
0.9,1,8.341666666666665,0.6267254996084354,1.7801123624338144,20.061964596289712
0.9,1,8.738884916666667,0.6555329276422825,1.7996935577218858,20.28430875366812
0.9,1,9.136115083333333,0.6842550626168514,1.8199695761028774,20.50591722776444
0.9,1,9.533333333333333,0.7128908128072019,1.840860477892745,20.726782164096612
0.9,1,9.930551583333333,0.7414416360114834,1.8622977026192997,20.94691534738117
0.9,1,10.327781749999998,0.7699089507951197,1.8842211098709805,21.166328224295253
0.9,1,10.725,0.7982915929859934,1.906575888930818,21.385012316133047
0.9,1,11.12221825,0.8265909350024465,1.9293156468887693,21.602978671956407
0.9,1,11.519448416666668,0.854808318947164,1.9523996780518413,21.820238079619585
0.9,1,11.916666666666666,0.8829425342444608,1.9757901345780655,22.036781660591533
0.9,2,12.25,1e-06,1.9757901345780655,22.036781660591533
0.9,2,12.6444405,0.02785775212025261,1.9992884424930448,22.251115442672166
0.9,2,13.038892833333334,0.05563505490615129,2.023031149330677,22.464763897954718
0.9,2,13.433333333333334,0.08333167173245241,2.0469923573680546,22.677717912604482
0.9,2,13.827773833333334,0.11094885215897578,2.0711511937116236,22.8899874825292
0.9,2,14.222226166666667,0.13848782605755838,2.095489343357177,23.101582433999827
0.9,2,14.616666666666667,0.16594734039412798,2.119988523054289,23.312493511798905
0.9,2,15.011107166666667,0.19332860992335488,2.1446346104283105,23.522730411943943
0.9,2,15.4055595,0.22063283251139282,2.169415230965239,23.732302684936577
0.9,2,15.8,0.24785874652018844,2.19431729791588,23.94120100142521
0.9,2,16.1944405,0.2750075390761688,2.219331302741512,24.1494348193752
0.9,2,16.588892833333333,0.30208038237650686,2.244448934653384,24.357013468117568
0.9,2,16.983333333333334,0.3290760114844429,2.2696606617163297,24.563927589878197
0.9,2,17.377773833333332,0.35599559086198745,2.294960137047544,24.770186447339924
0.9,2,17.772226166666666,0.3828402714296748,2.3203418368970277,24.9757991865087
0.9,2,18.166666666666668,0.4096087885601376,2.3457986664663855,25.180756452276217
0.9,2,18.561107166666666,0.4363022875093699,2.371326450905798,25.38506734184127
0.9,2,18.9555595,0.46292190098966457,2.3969215827216788,25.588740844322857
0.9,2,19.35,0.4894663671356838,2.4225786413418815,25.791767628411037
0.9,2,19.7444405,0.5159368144286695,2.4482949478068385,25.994156646768964
0.9,2,20.138892833333333,0.5423343595368565,2.4740682154359783,26.195916750275856
0.9,2,20.533333333333335,0.5686577450209057,2.499894175825761,26.397038645757323
0.9,2,20.927773833333333,0.5949080843156292,2.525771182792931,26.597531156232566
0.9,2,21.322226166666667,0.6210864795899421,2.551697862299769,26.79740300765088
0.9,2,21.716666666666665,0.6471916789548362,2.577670740002185,26.99664495466097
0.9,2,22.111107166666667,0.6732247820444257,2.6036888845223505,27.195265701371632
0.9,2,22.5055595,0.699186877647316,2.6297515539974907,27.39327385844392
0.9,2,22.9,0.7250767201790562,2.655855821916939,27.590660234848258
0.9,2,23.2944405,0.7508953963863644,2.68200125287594,27.787433423652267
0.9,2,23.688892833333334,0.7766439825029502,2.7081875440154963,27.983601927340754
0.9,2,24.083333333333332,0.8023212397487335,2.7344121469722835,28.17915661351237
0.9,3,24.666666666666668,1e-06,2.7344121469722835,28.17915661351237
0.9,3,25.174994916666666,0.03297556691531622,2.7682689679462715,28.430170079190237
0.9,3,25.68333841666667,0.06583520929241425,2.80218592483435,28.68019233196266
0.9,3,26.191666666666666,0.09857859386742618,2.836159916659226,28.92921387034036
0.9,3,26.699994916666665,0.13120733666023754,2.8701910196380465,29.17724762524201
0.9,3,27.208338416666667,0.16372303551649536,2.904279422235139,29.424306370992326
0.9,3,27.716666666666665,0.19612436438365768,2.9384223331953936,29.670380668236685
0.9,3,28.224994916666667,0.22841291585070328,2.9726201082469963,29.91548324600697
0.9,3,28.733338416666665,0.26059026478760067,3.0068731760527982,30.15962668066346
0.9,3,29.241666666666667,0.2926550927185386,3.041178937345998,30.402801598134616
0.9,3,29.749994916666665,0.32460896960900376,3.07553792586939,30.645020532522423
0.9,3,30.258338416666668,0.35645344810412466,3.1099507234518926,30.88629586869214
0.9,3,30.766666666666666,0.3881872175197036,3.1444148485205554,31.126618299706802
0.9,3,31.274994916666667,0.4198118258655913,3.178930948662513,31.36600017049291
0.9,3,31.783338416666666,0.45132880419168414,3.213499703786291,31.604453679845577
0.9,3,32.291666666666664,0.48273684972433656,3.2481187029955443,31.84196958898722
0.9,3,32.79999491666667,0.5140374890932203,3.282788667017563,32.07856005862714
0.9,3,33.308338416666665,0.5452322323018005,3.3175103388608442,32.31423710621891
0.9,3,33.81666666666667,0.5763197845443273,3.3522813484766365,32.548991561638424
0.9,3,34.32499491666667,0.6073016515831572,3.3871024638317,32.78283540579675
0.9,3,34.83333841666667,0.6381793228689088,3.421974468753574,33.01578047905879
0.9,3,35.34166666666667,0.6689515115811953,3.4568950150803164,33.24781768010438
0.9,3,35.84999491666667,0.6996197030842741,3.491864901487947,33.47895881408927
0.9,3,36.35833841666667,0.7301853667305912,3.526884938389249,33.709215548207254
0.9,3,36.86666666666667,0.7606472236765083,3.5619527874438526,33.93857884986794
0.9,3,37.374994916666665,0.7910067393258797,3.5970692674581057,34.16706035224301
0.9,3,37.88333841666667,0.8212653633592067,3.63223520631269,34.394671553027685
0.9,3,38.391666666666666,0.8514218248837139,3.6674482678134486,34.62140348813824
0.9,3,38.899994916666664,0.881477569756861,3.702709284110337,34.84726762232957
0.9,3,39.408338416666666,0.9114340283917614,3.7380190946983975,35.07227528728403
0.9,3,39.916666666666664,0.941289937809009,3.7733753606585494,35.296417587101566
0.9,4,40.5,1e-06,3.7733753606585494,35.296417587101566
0.9,4,41.116660499999995,0.03607392498154972,3.8163326630928394,35.56707236316533
0.9,4,41.73333950000001,0.07200313696625196,3.859357493729962,35.83648766580997
0.9,4,42.35,0.10778741050200462,3.902447331203138,36.1046553457817
0.9,4,42.966660499999996,0.14342874259369084,3.9456034596038996,36.37159140501464
0.9,4,43.5833395,0.17892910640971788,3.9888271126239947,36.63731164006159
0.9,4,44.2,0.214287281942808,4.032115582025052,36.90180794858283
0.9,4,44.816660500000005,0.24950523322360998,4.075470009049765,37.16509604839784
0.9,4,45.433339499999995,0.28458490087745336,4.118891506526774,37.42719145565981
0.9,4,46.05,0.3195250701709832,4.162377246147167,37.6880861134705
0.9,4,46.6666605,0.3543276727525802,4.2059282825717546,37.94779546063534
0.9,4,47.283339500000004,0.3889946173145301,4.24954565522306,38.206334738164074
0.9,4,47.9,0.42352469431375556,4.293226455990485,38.46369593387925
0.9,4,48.51666050000001,0.4579198036647564,4.336971686823539,38.71989421315892
0.9,4,49.1333395,0.49218182278099576,4.380782342354336,38.97494454750635
0.9,4,49.75,0.5263095472755555,4.424655459122119,39.228838969170866
0.9,4,50.366660499999995,0.5603048460025224,4.468592006863139,39.48159237590593
0.9,4,50.98333950000001,0.5941695657687126,4.512592952769721,39.73321947549994
0.9,4,51.6,0.6279025073364618,4.556655293014958,39.983712344569575
0.9,4,52.2166605,0.6615055091796227,4.600779977602898,40.23308561910424
0.9,4,52.833339499999994,0.6949803881731427,4.64496795687422,40.48135374899156
0.9,4,53.45,0.7283259502357411,4.689216195931098,40.72850885527696
0.9,4,54.066660500000005,0.7615440041372377,4.733525632701125,40.97456531801216
0.9,4,54.683339499999995,0.7946363374892006,4.777897207185994,41.219537334943894
0.9,4,55.3,0.827601761380141,4.822327859281303,41.46341707166185
0.9,4,55.916660500000006,0.8604420555419521,4.866818519578434,41.70621865801941
0.9,4,56.5333395,0.8931589789799672,4.911370121787281,41.94795604528451
0.9,4,57.15,0.9257513479676579,4.955979584384786,42.188621443721836
0.9,4,57.76666050000001,0.958220913851601,5.000647833598227,42.42822873860947
0.9,4,58.3833395,0.9905694076739276,5.045375799395829,42.66679164027712
0.9,4,59.0,1.0227956509074105,5.0901603813630905,42.90430240378798
0.9,5,59.416666666666664,1e-06,5.0901603813630905,42.90430240378798
0.9,5,60.14443716666666,0.03786607703949172,5.143090072042909,43.18316298265546
0.9,5,60.8722295,0.0755658071261393,5.1960971808939185,43.46059746722263
0.9,5,61.6,0.11309914682868849,5.2491784180883565,43.73659971072992
0.9,5,62.3277705,0.1504684306237603,5.30233516525437,44.01118840577833
0.9,5,63.05556283333333,0.1876759634052938,5.355568728196067,44.28438199007673
0.9,5,63.78333333333333,0.22472070128009955,5.4088755485787345,44.556174312885425
0.9,5,64.51110383333334,0.26160493421909736,5.462256801127647,44.82658368333267
0.9,5,65.23889616666666,0.29833092320243565,5.515713618936195,45.09562816075469
0.9,5,65.96666666666667,0.33489762373649473,5.5692422795079874,45.36330158923832
0.9,5,66.69443716666666,0.3713072821599084,5.622843837311276,45.62962190196466
0.9,5,67.4222295,0.40756211644661167,5.67651932489155,45.894606787717194
0.9,5,68.15,0.44366108151590367,5.73026491620603,46.158250085524294
0.9,5,68.8777705,0.47960638104779685,5.784081595704496,46.42056936100929
0.9,5,69.60556283333334,0.5154001909950356,5.83797033732104,46.68158194089013
0.9,5,70.33333333333333,0.5510414657847476,5.8919272470260005,46.941281659954505
0.9,5,71.06110383333333,0.5865323674545705,5.94595326859426,47.19968572502418
0.9,5,71.78889616666667,0.6218750309508985,6.000049341911059,47.456811109495696
0.9,5,72.51666666666667,0.6570684103452532,6.05421152609791,47.71265164509277
0.9,5,73.24443716666666,0.6921146270592688,6.108440741551403,47.967224188679076
0.9,5,73.9722295,0.7270157760508966,6.162737908638512,48.220545369100336
0.9,5,74.7,0.7617708111916645,6.217099052432193,48.47260901635703
0.9,5,75.4277705,0.7963818143055957,6.271525080270163,48.723431646129534
0.9,5,76.15556283333333,0.8308508413683315,6.326016901712858,48.973029551381806
0.9,5,76.88333333333334,0.8651768462133279,6.380570515742985,49.22139656178629
0.9,5,77.61110383333333,0.8993618720675176,6.435186822899389,49.46854886046078
0.9,5,78.33889616666667,0.9334079369105477,6.489866727257068,49.71450241298582
0.9,5,79.06666666666666,0.9673139946989632,6.54460620684218,49.95925105009445
0.9,5,79.79443716666667,1.0010820510400456,6.599406159281717,50.20281063076372
0.9,5,80.52222950000001,1.034714086879808,6.654267486501124,50.44519680148275
0.9,5,81.25,1.0682090564544553,6.7091861490480165,50.6864033953942
0.9,6,82.16666666666667,1e-06,6.7091861490480165,50.6864033953942
0.9,6,82.99165841666667,0.03779703985247598,6.771512002863097,50.958337766229434
0.9,6,83.81667491666667,0.07542213611384962,6.833910061256173,51.22879763072752
0.9,6,84.64166666666667,0.11287540540467238,6.896376061240851,51.49777860106272
0.9,6,85.46665841666666,0.15015933297982526,6.958911256250195,51.76530047903794
0.9,6,86.29167491666666,0.18727637152000498,7.02151682406294,52.031382785788416
0.9,6,87.11666666666666,0.22422563102506907,7.084188237471328,52.29602107644278
0.9,6,87.94165841666667,0.26100954474431537,7.146926547693067,52.55923470471028
0.9,6,88.76667491666667,0.29763051407337227,7.209732765896866,52.82104274984064
0.9,6,89.59166666666667,0.3340876423994087,7.2726022100205965,53.08144070998584
0.9,6,90.41665841666666,0.37038331211243214,7.3355358190496815,53.34044750063823
0.9,6,91.24167491666667,0.4065198745057447,7.398534512027034,53.59808176935283
0.9,6,92.06666666666666,0.44249642653204957,7.461593514536313,53.854338958840586
0.9,6,92.89165841666666,0.47831530097633623,7.524713704573501,54.10923755718407
0.9,6,93.71667491666668,0.5139788002935681,7.587895951595173,54.362795791134474
0.9,6,94.54166666666667,0.5494860152677405,7.651135425019243,54.61500905025152
0.9,6,95.36665841666667,0.5848392303738391,7.714432971310467,54.865895406366235
0.9,6,96.19167491666667,0.6200407005186234,7.777789434886361,55.11547267654205
0.9,6,97.01666666666667,0.6550895106247696,7.841199950343447,55.36373619983607
0.9,6,97.84165841666666,0.689987898156083,7.904665349763304,55.610703643018695
0.9,6,98.66667491666666,0.7247380717572243,7.968186466887614,55.856392424547096
0.9,6,99.49166666666666,0.7593391108131766,8.031758414418105,56.10079783576414
0.9,6,100.31665841666667,0.7937932070591622,8.095382020208856,56.34393714943087
0.9,6,101.14167491666667,0.8281025241435631,8.159058115893714,56.585827396304765
0.9,6,101.96666666666667,0.8622661362396036,8.222781800405304,56.82646382282284
0.9,6,102.79165841666666,0.8962861906097144,8.28655390353107,57.06586331855696
0.9,6,103.61667491666667,0.9301648071430574,8.350375260047198,57.30404253722375
0.9,6,104.44166666666666,0.9639010551218449,8.41424096048593,57.54099668311801
0.9,6,105.26665841666666,0.9974970385594094,8.478151840430824,57.776742273166086
0.9,6,106.09167491666668,1.0309548347898732,8.542108741136822,58.01129559441931
0.9,6,106.91666666666667,1.0642735085161081,8.606106748507138,58.24465181171566
0.9,7,107.33333333333333,1e-06,8.606106748507138,58.24465181171566
0.9,7,108.33332333333333,0.040186205424928456,8.683732997612362,58.525775397700265
0.9,7,109.33334333333333,0.08017339295925183,8.761414220844234,58.805190856229316
0.9,7,110.33333333333333,0.11996200452764326,8.839145188559069,59.08289728617649
0.9,7,111.33332333333333,0.1595550557656697,8.91692741597703,59.35891871734576
0.9,7,112.33334333333333,0.19895551988977075,8.994762225059654,59.63327881404684
0.9,7,113.33333333333333,0.23816281673440526,9.072643773886147,59.90597648481837
0.9,7,114.33332333333333,0.2771798873995486,9.150573097950764,60.177035117246234
0.9,7,115.33334333333333,0.3160096314873703,9.228551135245615,60.446477741360425
0.9,7,116.33333333333333,0.3546514466217203,9.306571725087522,60.71430307432716
0.9,7,117.33332333333333,0.3931082008970753,9.384635660229941,60.98053387469795
0.9,7,118.33334333333333,0.43138272198050087,9.462743686729752,61.24519255269114
0.9,7,119.33333333333333,0.46947438571187267,9.540889482183937,61.50827763777657
0.9,7,120.33332333333333,0.5073859890987302,9.619073723155692,61.76981127600217
0.9,7,121.33334333333333,0.5451202898500935,9.69729706658874,62.02981527480954
0.9,7,122.33333333333333,0.5826766427172703,9.775553113364424,62.288287981963926
0.9,7,123.33332333333333,0.6200577757047773,9.853842492014827,62.54525094896519
0.9,7,124.33334333333333,0.6572663786590386,9.93216582593752,62.80072539853316
0.9,7,125.33333333333333,0.694301786061255,10.010516686063777,63.054709503780536
0.9,7,126.33332333333334,0.7311666590460736,10.088895690007929,63.30722424003897
0.9,7,127.33334333333333,0.7678636217179142,10.167303458014391,63.55829026357802
0.9,7,128.33333333333334,0.8043919891532036,10.245733557406439,63.80790558031382
0.9,7,129.33332333333334,0.840754357739174,10.324186615385026,64.0560906076974
0.9,7,130.33334333333335,0.8769532879360677,10.402663265935992,64.30286545362353
0.9,7,131.33333333333334,0.9129880762881664,10.481157088126615,64.5482279643305
0.9,7,132.33332333333334,0.948861256516699,10.559668730296933,64.79219801732276
0.9,7,133.33334333333332,0.9845753274887804,10.638198849772161,65.03479518979262
0.9,7,134.33333333333334,1.0201295680762321,10.716741046743312,65.27601717570788
0.9,7,135.33332333333334,1.0555264513599147,10.795295997369545,65.51588333007973
0.9,7,136.33334333333335,1.09076841660669,10.873864387925986,65.75441271656919
0.9,7,137.33333333333334,1.1258547258526452,10.95243984581558,65.99160288408298
0.9,8,138.33333333333334,1e-06,10.95243984581558,65.99160288408298
0.9,8,139.40832258333333,0.037541802931473044,11.036914086570773,66.24505741259146
0.9,8,140.48334408333332,0.07490840492934023,11.121395094932272,66.49700888022629
0.9,8,141.55833333333334,0.1121002135930729,11.205876307343003,66.74745638316094
0.9,8,142.63332258333332,0.1491199757960472,11.290358678245832,66.99642148894694
0.9,8,143.70834408333334,0.1859703996129314,11.37484309639039,67.24392543083606
0.9,8,144.78333333333333,0.22265086874325318,11.45932280121286,67.48996709907365
0.9,8,145.85832258333332,0.2591640603296991,11.543798597638029,67.73456746039345
0.9,8,146.93334408333334,0.29551261379580807,11.628271262605386,67.97774715653118
0.9,8,148.00833333333333,0.3316958896109032,11.712733956060521,68.2195048775747
0.9,8,149.08332258333334,0.36771649721480254,11.797187427430353,68.4598610069122
0.9,8,150.15834408333333,0.4035770094447806,11.881632417973762,68.69883561255477
0.9,8,151.23333333333332,0.4392767644103363,11.966062071280758,68.93642719193224
0.9,8,152.30832258333334,0.47481830598694835,12.050477131301397,69.1726555635133
0.9,8,153.38334408333333,0.5102041425640745,12.134878344182114,69.40754024000992
0.9,8,154.45833333333334,0.5454335908464776,12.219258871526907,69.64107953442307
0.9,8,155.53332258333333,0.5805091313026981,12.303619478529155,69.87329271889081
0.9,8,156.60834408333332,0.6154332100129003,12.387960937921898,70.10419876925195
0.9,8,157.68333333333334,0.650205123256732,12.472276448377182,70.33379582251936
0.9,8,158.75832258333332,0.6848272902252163,12.556566810634132,70.56210262284804
0.9,8,159.83334408333334,0.7193020967905561,12.640832835630587,70.78913762730929
0.9,8,160.90833333333333,0.7536288197805051,12.72506776993558,71.01489880531342
0.9,8,161.98332258333332,0.7878098191867243,12.809272457463887,71.23940439093828
0.9,8,163.05834408333334,0.8218474227193416,12.893447753541192,71.46267234011557
0.9,8,164.13333333333333,0.8557408887054533,12.977586958990488,71.68470046284915
0.9,8,165.20832258333334,0.8894925199533332,13.06169096490523,71.90550650050984
0.9,8,166.28334408333333,0.9231045879931817,13.145760674213262,72.1251079249685
0.9,8,167.35833333333332,0.956576333573185,13.229789445871974,72.34350239476447
0.9,8,168.43332258333334,0.9899100042675852,13.313778220151752,72.5607071753578
0.9,8,169.50834408333333,1.0231078173419839,13.397727949143942,72.7767392710614
0.9,8,170.58333333333334,1.0561689968546488,13.481632052410745,72.9915961966099
0.9,9,171.0,1e-06,13.481632052410745,72.9915961966099
0.9,9,172.28609825,0.03936270168763203,13.581939586847804,73.24699195517074
0.9,9,173.57223508333334,0.07853547211924773,13.682175840453052,73.50075732011328
0.9,9,174.85833333333332,0.11751895390254646,13.78233396192176,73.75289423739791
0.9,9,176.14443158333333,0.15631628477639448,13.88241579502236,74.00342722992775
0.9,9,177.43056841666666,0.19493055562842027,13.98242292695071,74.25238041692342
0.9,9,178.71666666666667,0.2333613685971448,14.082347766967416,74.49975539565229
0.9,9,180.00276491666668,0.27161177112126017,14.18219158153614,74.74557591096766
0.9,9,181.28890175,0.3096847648991666,14.281955523901068,74.9898653136125
0.9,9,182.575,0.3475799118128946,14.38163170474161,75.2326248539938
0.9,9,183.86109825,0.38530017115709353,14.481221159154984,75.47387751749277
0.9,9,185.14723508333333,0.4228484578762115,14.580724878595445,75.71364590735774
0.9,9,186.43333333333334,0.46022429478326576,14.68013489087941,75.9519309373669
0.9,9,187.71943158333335,0.4974305558731923,14.77945216819665,76.18875485793689
0.9,9,189.00556841666668,0.5344700722817504,14.878677672617343,76.42413955019853
0.9,9,190.29166666666666,0.5713423293664698,14.977803454728305,76.65808560520378
0.9,9,191.57776491666667,0.60805011892595,15.076830505413312,76.89061456514423
0.9,9,192.86390175,0.6445961914060915,15.17575982127941,77.12174761590582
0.9,9,194.15,0.680979996482804,15.274583527255833,77.35148504109837
0.9,9,195.43609825000001,0.7172042469144343,15.37330267184239,77.57984770188204
0.9,9,196.72223508333335,0.7532716155881805,15.471918316402904,77.80685611587684
0.9,9,198.00833333333333,0.7891815183045913,15.570422685093554,78.03251027481359
0.9,9,199.29443158333333,0.8249365918926834,15.668816901883133,78.25683038562559
0.9,9,200.58056841666667,0.8605394347485466,15.767102106445789,78.47983632409797
0.9,9,201.86666666666667,0.895989430575258,15.865270633783954,78.70152780540145
0.9,9,203.15276491666665,0.9312891432933059,15.963323690727783,78.92192440827041
0.9,9,204.43890174999999,0.9664410997774343,16.061262500521643,79.14104539224347
0.9,9,205.725,1.0014446533548425,16.159079513975104,79.3588902107648
0.9,9,207.01109825,1.0363022979489993,16.256776022939732,79.57547783945625
0.9,9,208.29723508333333,1.0710164917712668,16.3543533353288,79.79082694623482
0.9,9,209.58333333333334,1.105586559426368,16.451804019328623,80.00493673706438
0.9,10,210.83333333333334,1e-06,16.451804019328623,80.00493673706438
0.9,10,212.25831908333333,0.0381305508415598,16.55961912113323,80.2406711547339
0.9,10,213.68334758333333,0.076089299997735,16.66727728240157,80.47493111654407
0.9,10,215.10833333333332,0.1138768008271652,16.774771054671742,80.70771834215606
0.9,10,216.53331908333334,0.15149599337570996,16.882102490521426,80.93905537975152
0.9,10,217.95834758333334,0.1889497733750352,16.989273490839942,81.16896439568949
0.9,10,219.38333333333333,0.22623765171115942,17.096276233304735,81.39744674367591
0.9,10,220.80831908333332,0.26336248127085243,17.203112472613736,81.62452422090706
0.9,10,222.23334758333334,0.30032707196554614,17.30978390397475,81.85021825429243
0.9,10,223.65833333333333,0.3371308933740614,17.416282616034007,82.07452984162444
0.9,10,225.08331908333332,0.373776714063155,17.522610284616146,82.29748005357608
0.9,10,226.50834758333335,0.4102672611273704,17.628768568038737,82.51908960348499
0.9,10,227.93333333333334,0.44660196462607826,17.734749597008317,82.73935914863368
0.9,10,229.35831908333333,0.48278351204355174,17.840555068120008,82.95830906106735
0.9,10,230.78334758333332,0.518814550931272,17.946186678993495,83.17595936875989
0.9,10,232.20833333333334,0.5546944738423499,18.051636661590457,83.39231040583007
0.9,10,233.63331908333333,0.5904258905102886,18.156906777113615,83.60738187440224
0.9,10,235.05834758333333,0.6260113722536832,18.261998795363873,83.82119314560781
0.9,10,236.48333333333332,0.6614502761758636,18.366905075059396,84.03374424812102
0.9,10,237.90831908333334,0.6967451375477415,18.471627459728282,84.24505424247714
0.9,10,239.33334758333334,0.7318984546964643,18.57616780395665,84.45514187089424
0.9,10,240.75833333333333,0.7669095512932318,18.680518602899788,84.66400687398664
0.9,10,242.18331908333332,0.8017808913308255,18.7846817879071,84.87166769813858
0.9,10,243.60834758333334,0.8365149032726329,18.888659301471897,85.07814248360384
0.9,10,245.03333333333333,0.871110879301036,18.992443777428537,85.28343069968084
0.9,10,246.45831908333332,0.9055712151873095,19.09603723474342,85.48755020493955
0.9,10,247.88334758333335,0.939898272527907,19.199441702526364,85.69051856349083
0.9,10,249.30833333333334,0.9740913138715429,19.30264995203708,85.89233498930166
0.9,10,250.73331908333333,1.008152669689341,19.405664087023812,86.09301677829895
0.9,10,252.15834758333332,1.042084637572568,19.508486219898383,86.2925809431081
0.9,10,253.58333333333334,1.0758864521994633,19.611109256459066,86.49102645755691
