B,Lp,Obj_mass,Obj_concentration,Obj_retentate_concentration,Obj_permeate_conductivity,Obj_retentate_conductivity
1.5789483157894735,0.9953388617935531,3.428162418154304,2.866344848627106,3.161851118236253,3.5202640255980366,2.7964119762625055
1.5789483157894735,1.9906777235871063,3.320814635221006,2.846799265934227,3.0517683222800724,3.2844555548358114,2.6819006194138955
1.5789483157894735,2.9860165853806593,3.2037015051040765,2.828100650945429,2.92893131541935,3.129688768054638,2.555518211929481
1.5789483157894735,3.9813554471742125,3.0750317565787264,2.809899719605353,2.7910817200223943,3.0211133806776034,2.4150375086005496
1.5789483157894735,4.976694308967765,2.9322485499202444,2.7918686105294923,2.636000809148805,2.940234428412425,2.2583941802966963
1.5789483157894735,5.972033170761319,2.7716371840141556,2.7737933409582087,2.463123097361734,2.8766258621914194,2.0852653850943703
1.5789483157894735,6.967372032554872,2.587617625583407,2.755542610801103,2.2788791627891745,2.824132346042906,1.9021370313842612
1.5789483157894735,7.962710894348425,2.3714733851163268,2.737038688094636,2.110705315982574,2.7789813290612684,1.7350909481733283
1.5789483157894735,8.958049756141978,2.1091830185312426,2.718238294283084,2.021602467781141,2.7387858182021554,1.6426397407701425
1.5789483157894735,9.95338861793553,1.7797071403620262,2.6991205348100737,2.0639470445435197,2.7019935439289426,1.6749906316992915
1.5789483157894735,10.948727479729083,1.3799603509524045,2.6796791891996277,2.201205886298261,2.667571375953976,1.8016522516237203
1.5789483157894735,11.944066341522637,1.1596331027798883,2.6599176916204366,2.365384941840016,2.6348186783369236,1.9584073274994103
1.5789483157894735,12.93940520331619,1.4280370499286066,2.6398458191615273,2.5219664120859075,2.6032537776385887,2.1101442597828908
1.5789483157894735,13.934744065109744,1.754953379794809,2.6194775037666584,2.6616518596374177,2.572543196502295,2.246445855111614
1.5789483157894735,14.930082926903296,2.0048068062301385,2.5988294072286737,2.7842570768880925,2.542456633666777,2.366462475620886
1.5789483157894735,15.92542178869685,2.1943229525933745,2.5779200302993974,2.8919446302561025,2.512837873857577,2.472019095688785
1.5789483157894735,16.920760650490404,2.342878885306537,2.55676920412432,2.987123142518039,2.4835858103497364,2.565352917091766
1.5789483157894735,17.916099512283957,2.4628709663054806,2.5353978613768753,3.071902183242995,2.4546420461698517,2.6484822934740855
1.5789483157894735,18.91143837407751,2.5621012634004647,2.5138280165005025,3.1480104893073357,2.42598287325917,2.723084344488297
1.5789483157894735,19.90677723587106,2.6456738061960112,2.4920829062916114,3.2168380393813782,2.3976142229988384,2.790517845087448
3.1578956315789473,0.9953388617935531,3.4275081286398916,2.808861575713029,3.163309586662495,3.681651577798876,2.7979300692269002
3.1578956315789473,1.9906777235871063,3.318297216743101,2.7568467362027844,3.055571878980712,3.5096917054300203,2.6858041933472045
3.1578956315789473,2.9860165853806593,3.197775016515762,2.711190812919551,2.93601826435905,3.3730383390967167,2.5627035578559547
3.1578956315789473,3.9813554471742125,3.0635596140912518,2.668977751495446,2.802449909378335,3.261044754519599,2.426436060736307
3.1578956315789473,4.976694308967765,2.9120977214180557,2.6286149952477293,2.6526562774712135,3.1667409646415856,2.274917781436787
3.1578956315789473,5.972033170761319,2.737940538277449,2.589183672859748,2.4856029702082676,3.085495652640137,2.10734176078961
3.1578956315789473,6.967372032554872,2.532260155150354,2.5501424817714753,2.3054539231844697,3.0141726268395113,1.9280367157254896
3.1578956315789473,7.962710894348425,2.2795711042395395,2.5111820713506416,2.1326669416578845,2.950619864045514,1.7567177402530625
3.1578956315789473,8.958049756141978,1.9496021858567878,2.4721496330716413,2.0202576166289044,2.8933552219189997,1.6429222356517639
3.1578956315789473,9.95338861793553,1.4764736759944557,2.433009112525857,2.0292511945206364,2.841367162839628,1.6440472905655303
3.1578956315789473,10.948727479729083,0.8381952392945082,2.393820925036143,2.14637795207401,2.7939838910182564,1.75081270255238
3.1578956315789473,11.944066341522637,1.152308607287111,2.3547330217195657,2.305199080097196,2.7507839256982294,1.901664975202449
3.1578956315789473,12.93940520331619,1.6704059470713988,2.3159786869844075,2.4629922881175714,2.711531964901845,2.054154795734578
3.1578956315789473,13.934744065109744,2.001020181786862,2.27787792014048,2.6058029147520183,2.676130052490785,2.1933027109594994
3.1578956315789473,14.930082926903296,2.23170453456647,2.2408396601314746,2.731761185588277,2.6445777764689846,2.3165123302416175
3.1578956315789473,15.92542178869685,2.4050589653650016,2.2053619313037696,2.842524985167392,2.6169376768326544,2.4250535491699234
3.1578956315789473,16.920760650490404,2.5417791420704994,2.172026563853859,2.940395619695625,2.5933038415024745,2.521027282305405
3.1578956315789473,17.916099512283957,2.6532137297819234,2.141484851272778,3.027498595015779,2.573773091578819,2.6064519876579135
3.1578956315789473,18.91143837407751,2.7462062662077176,2.1144308536356777,3.105610535925254,2.558419265965545,2.6830438821359692
3.1578956315789473,19.90677723587106,2.8251867128631867,2.091560595275599,3.176171854818327,2.5472718427287915,2.7522071273690973
1e-06,0.9953388617935531,3.430633536798371,3.0455173070498867,3.156849831998567,3.0457565651884426,2.7912121853774137
1e-06,1.9906777235871063,3.327681680701013,3.0457474109384135,3.04216989859809,3.0457568659605663,2.672065548850122
1e-06,2.9860165853806593,3.217388167607266,3.045734263920401,2.9137493362094173,3.0457569370153643,2.5401558566714453
1e-06,3.9813554471742125,3.0988767527194825,3.0457572804502178,2.769148529702292,3.045756995085573,2.393097048468337
1e-06,4.976694308967765,2.9710503297732656,3.0457104476620356,2.606259428737899,3.04575701118408,2.22896584177087
1e-06,5.972033170761319,,,,,
1e-06,6.967372032554872,2.68187532763948,3.045757231769025,2.2388950980583835,3.0457570100118923,1.8631654271822606
1e-06,7.962710894348425,2.517540683063606,3.0457570923712907,2.085683636848189,3.0457570174406516,1.709881556685567
1e-06,8.958049756141978,2.339241449483065,3.0456402632075923,2.038553151581906,3.045757004506961,1.655993273671588
1e-06,9.95338861793553,2.150824182210407,3.045757208476718,2.1239658322542847,3.0457570040545634,1.7294108665911807
4.73684294736842,0.9953388617935531,3.4272065606681155,2.7801340688109604,3.1640099767225296,3.745447534719572,2.798659712370779
4.73684294736842,1.9906777235871063,3.316984574494503,2.7049887201797875,3.0576225261151055,3.614014040375894,2.6879109219383612
4.73684294736842,2.9860165853806593,3.194434671486583,2.6372501827686543,2.9401440698640577,3.5034527637230855,2.566891758125628
4.73684294736842,3.9813554471742125,3.0567253856718244,2.573937425267553,2.8094417793892577,3.4089280437520517,2.433456873903479
4.73684294736842,4.976694308967765,2.899560083241398,2.5133209565320422,2.663351172262595,3.326993787275446,2.285546348977289
4.73684294736842,5.972033170761319,2.716167536782421,2.4544356298338976,2.500630916229285,3.255216528426309,2.1221274442702094
4.73684294736842,6.967372032554872,2.495135848344022,2.396843793001744,2.324214804716602,3.19188448442631,1.9463391500893787
4.73684294736842,7.962710894348425,2.2152238865466707,2.3405257514367483,2.150368391147138,3.135801013086587,1.7740290356406703
4.73684294736842,8.958049756141978,1.8308107175811346,2.2858378682067233,2.024365770829374,3.0861389384840514,1.647773487916695
4.73684294736842,9.95338861793553,1.229965131885279,2.2335035628047195,2.008636933537386,3.0423354619121867,1.6259547166494646
4.73684294736842,10.948727479729083,0.7608123921091565,2.1846090372712013,2.1070525811511245,3.0040135157047816,1.7145997138464741
4.73684294736842,11.944066341522637,1.453555624081198,2.1405732426527817,2.2589178788830697,2.970920556408196,1.8582237690837546
4.73684294736842,12.93940520331619,1.9016953281079043,2.1030583283958824,2.416108612129288,2.9428795061253683,2.009776192988121
4.73684294736842,13.934744065109744,2.190488142592357,2.073793336188446,2.5605209547186605,2.9197491005138207,2.15030811131953
4.73684294736842,14.930082926903296,2.3981983915547627,2.0543116635877086,2.6885901571262703,2.9013925424918825,2.2755056567358993
4.73684294736842,15.92542178869685,2.557854753831738,2.0456522815811113,2.801404774295536,2.8876542445534183,2.3860329443229737
4.73684294736842,16.920760650490404,2.6859079627764957,2.048121191364805,2.901105180376249,2.8783446826518304,2.4838063623818343
4.73684294736842,17.916099512283957,2.791660394839934,2.0612109801707055,2.9897938588917423,2.8732331276008116,2.5708078222299457
4.73684294736842,18.91143837407751,2.880867146623345,2.0837139842804366,3.0692673428274624,2.872047473788139,2.6487657476266198
4.73684294736842,19.90677723587106,2.957331180332811,2.113976162138495,3.140996126986873,2.8744797932512056,2.7191098913557266
1e-06,10.948727479729083,1.9678777346393586,3.045757197601496,2.2795560466321647,3.0457569949587135,1.8749462433027992
1e-06,11.944066341522637,1.8289212374679775,3.0457567928107423,2.4449562591177925,3.0457569847716703,2.0338638347243108
1e-06,12.93940520331619,1.7849857094188675,3.0457573623032337,2.5968111026361127,3.0457571644866013,2.1815075519393243
1e-06,13.934744065109744,1.8436727805615074,3.0457569709693733,2.730609617354076,3.045756961989593,2.3123003943553457
1e-06,14.930082926903296,1.9582550684589144,3.0457571385426663,2.847648131341474,3.04575694970086,2.4269834737984786
1e-06,15.92542178869685,2.084860080255321,3.0457569647209524,2.950432517673197,3.045756936957441,2.5277912717774362
1e-06,16.920760650490404,,,,,
1e-06,17.916099512283957,,,,,
1e-06,18.91143837407751,2.4017794475699135,3.0453702445086064,3.195413236480115,3.0457569048622823,2.768034334827327
1e-06,19.90677723587106,2.482302758774744,3.045757092165386,3.261451642793034,3.0457568826769403,2.832736653345325
6.315790263157894,0.9953388617935531,3.427033145865323,2.762868831026637,3.1644217544364897,3.7794097407848,2.7990892170771504
6.315790263157894,1.9906777235871063,3.316177875725167,2.6711680114712064,3.0589065750035846,3.672951084759356,2.6892314435016234
6.315790263157894,2.9860165853806593,3.1922850349770067,2.5861009503192007,2.942848078265386,3.581113335978286,2.5696395406427444
6.315790263157894,3.9813554471742125,3.052171139307839,2.5053358131838572,2.814184897749351,3.5012089572365914,2.438225195201922
6.315790263157894,4.976694308967765,2.8909625649468156,2.4276378150832314,2.670811843756972,3.4312427763750764,2.292970730673971
6.315790263157894,5.972033170761319,2.7008495740771683,2.3526426694972513,2.5113933410224423,3.369759990982195,2.1327321728444204
6.315790263157894,6.967372032554872,2.4683448400779895,2.280790502452951,2.338123441304855,3.3157086330444057,1.9599235455640196
6.315790263157894,7.962710894348425,2.167445828230812,2.2133420959103707,2.1645549977144243,3.268331577651855,1.7878675235920225
6.315790263157894,8.958049756141978,1.7396559097031994,2.152393422399332,2.0301955616005425,3.2270826691133823,1.6539359003818113
6.315790263157894,9.95338861793553,1.0559154267360136,2.100772431590739,1.9961030445722017,3.1915609792447133,1.6151512510124428
6.315790263157894,10.948727479729083,1.0205502212205226,2.0616821873467055,2.0780936602411746,3.1614587957704905,1.6880871675328568
6.315790263157894,11.944066341522637,1.6687973091384145,2.038023517518311,2.2225799055739364,3.136520602672127,1.824241755859606
6.315790263157894,12.93940520331619,2.0593919466720636,2.0315442345157875,2.3782005136173736,3.1165115577039284,1.973982249377547
6.315790263157894,13.934744065109744,2.3216888457769693,2.0422077221806,2.5233076912081116,3.101194679069573,2.1150357744338666
6.315790263157894,14.930082926903296,2.515306569065306,2.06816287165326,2.652723595425317,3.090316162641531,2.2414809608779462
6.315790263157894,15.92542178869685,2.666731038585605,2.1063291641289292,2.766952149378924,3.083598090962708,2.353372292135949
6.315790263157894,16.920760650490404,2.78972958409367,2.153227387480433,2.8679468331547007,3.080737445839486,2.45242034509415
6.315790263157894,17.916099512283957,2.892323475457557,2.2056505807824998,2.9577649970661577,3.0814099863285147,2.540550451761062
6.315790263157894,18.91143837407751,2.9795839227463556,2.2610071400286027,3.038206110473903,3.0852773500664745,2.619487276846189
6.315790263157894,19.90677723587106,3.0549173424976273,2.317387731312033,3.110757981374864,3.091995749133798,2.690673918293482
7.894737578947368,0.9953388617935531,3.426920530129781,2.751342629288074,3.164692796002689,3.8004643548192463,2.7993723692499133
7.894737578947368,1.9906777235871063,3.3156316289604244,2.6473507430823027,3.0597864026824797,3.7106566145807456,2.690137232690043
7.894737578947368,2.9860165853806593,3.190784120685097,2.5485786946481035,2.9447582068819806,3.632175195493847,2.5715824801749343
7.894737578947368,3.9813554471742125,3.0489135179891713,2.4534998448682077,2.817616284682201,3.5633259635206933,2.441678296543417
7.894737578947368,4.976694308967765,2.884686033957505,2.361740925547085,2.6763167211890764,3.502817570199809,2.298454964872836
7.894737578947368,5.972033170761319,2.6894567563518295,2.2741421785140306,2.519483695582214,3.4496866208382495,2.1407138809446096
7.894737578947368,6.967372032554872,2.4480469937582643,2.192926413350048,2.34883285686071,3.4032165793526086,1.9703948216808622
7.894737578947368,7.962710894348425,2.130537579621325,2.121806896410056,2.1760536561519808,3.3628700876418343,1.7990735709856343
7.894737578947368,8.958049756141978,1.6685080915906307,2.0657161438122245,2.036320616995389,3.328234060028763,1.6601945574617083
7.894737578947368,9.95338861793553,0.9678530601212955,2.0297860273293047,1.9883763458585404,3.298975561891928,1.6086418276284749
7.894737578947368,10.948727479729083,1.239087560169753,2.017591509457288,2.056254905287985,3.2748070149072914,1.6681934130516936
7.894737578947368,11.944066341522637,1.814978586505883,2.029517106534039,2.193499624443964,3.2554598191589657,1.7971335069996264
7.894737578947368,12.93940520331619,2.170413244325417,2.062472276956026,2.3470479515366223,3.240665758127249,1.944630229309541
7.894737578947368,13.934744065109744,2.4162908020033504,2.111187863600725,2.492291299979781,3.2301455412973072,2.085680912044534
7.894737578947368,14.930082926903296,2.6011117026553543,2.1700342456452315,2.6225601400293495,3.2236036280384255,2.2128973024889507
7.894737578947368,15.92542178869685,2.747451510784585,2.234266743217184,2.7377847640251063,3.2207281968041186,2.3257442831838238
7.894737578947368,16.920760650490404,2.8674228613824666,2.300441937974003,2.839721400444383,3.2211949033901166,2.4257201791149603
7.894737578947368,17.916099512283957,2.9682370881300404,2.366308140498139,2.9303698629454638,3.224672997010491,2.514683140088505
7.894737578947368,18.91143837407751,3.054524756432316,2.430512753545598,3.011521984503453,3.2308324586073156,2.5943443908641486
7.894737578947368,19.90677723587106,3.1294329756199963,2.4923145083501623,3.0846745418075505,3.239351063296113,2.66615250240084
9.47368489473684,0.9953388617935531,3.426841513814231,2.743101510829486,3.1648846502806283,3.814784251092291,2.799573147344403
9.47368489473684,1.9906777235871063,3.3152371510556073,2.6296664534733845,3.060426915253373,3.7368080806018766,2.6907973573702155
9.47368489473684,2.9860165853806593,3.189676191431043,2.5198717409032168,2.9461795856178252,3.6681914913134968,2.573029582811785
9.47368489473684,3.9813554471742125,3.046465722414486,2.41298972216251,2.820214823123129,3.6077683120548962,2.4442956034011063
9.47368489473684,4.976694308967765,2.8798969629433167,2.3097433551221336,2.6805472907538683,3.554630119140842,2.3026736929235727
9.47368489473684,5.972033170761319,2.680639845143629,2.2127142103127593,2.525788519043573,3.5080843665054506,2.146940569381374
9.47368489473684,6.967372032554872,2.432116538880564,2.12676528484668,2.357327545981164,3.467599875449097,1.9787088884229027
9.47368489473684,7.962710894348425,2.1011763764777815,2.058932845744946,2.1855119985093943,3.432759461226703,1.8082890403335286
9.47368489473684,8.958049756141978,1.6123373056885533,2.0169208807652534,2.0421950450517605,3.403221075870405,1.6661028958425999
9.47368489473684,9.95338861793553,0.9537410957613947,2.005961525263523,1.9836035379750612,3.3786868594177437,1.604746540266357
11.052632210526314,0.9953388617935531,3.426783013896086,2.736916465925657,3.1650275448529657,3.8251510926995027,2.7997229588176467
11.052632210526314,1.9906777235871063,3.3149388739515557,2.616015553962258,3.0609140286551675,3.7559949133364,2.691299910634921
11.052632210526314,2.9860165853806593,3.188824529187203,2.497200248154904,2.9472786018473927,3.694920025870716,2.574149418821837
11.052632210526314,3.9813554471742125,3.044558265313473,2.380491587912454,2.8222512493189784,3.641067954352805,2.4463483482252006
11.052632210526314,4.976694308967765,2.876120177694761,2.267863987226388,2.683900808333639,3.5937566734947852,2.30602057284279
11.052632210526314,5.972033170761319,2.6736085629269333,2.1640816619210073,2.5308407792733076,3.5524541698417718,2.15193469268857
11.052632210526314,6.967372032554872,2.4192719330608847,2.0773068158599846,2.3642276791594834,3.5167387710388507,1.985468258467511
11.052632210526314,7.962710894348425,2.0772757095322363,2.0181298820464653,2.1934058537512557,3.4862637588989402,1.815980811321692
11.052632210526314,8.958049756141978,1.5675954658532119,1.9955715814817547,2.0476275371251003,3.4607284965016487,1.671518620579763
11.052632210526314,9.95338861793553,0.9836697793625525,2.0116349664919686,1.9806961595573394,3.4398560220290655,1.6024862681425163
9.47368489473684,10.948727479729083,1.3946183932944345,2.025853287086312,2.0394352126570787,3.3588795144949595,1.6529396736406061
9.47368489473684,11.944066341522637,1.919646239661799,2.070918334861886,2.169832430880163,3.343525518819372,1.7751325150169697
9.47368489473684,12.93940520331619,2.2524814519967102,2.1329048364327647,2.3210731961604303,3.3323446220614064,1.920203137000358
9.47368489473684,13.934744065109744,2.487551629923486,2.2041031837406053,2.466103518898291,3.325044872207113,2.0609286929903052
9.47368489473684,14.930082926903296,2.6665593300203896,2.2788272771168288,2.596896035178517,3.321322177578433,2.1886003350787124
9.47368489473684,15.92542178869685,2.8095895167158558,2.353468929793035,2.712832108777637,3.320863229986083,2.3021249932397985
9.47368489473684,16.920760650490404,2.9276663105179144,2.4259821916864497,2.815469413535802,3.3233505561660714,2.4027906514274986
9.47368489473684,17.916099512283957,3.0274559960675784,2.495335070394239,2.906743699606543,3.3284685464983226,2.4923832786905007
9.47368489473684,18.91143837407751,3.1132876141854875,2.561101491690482,2.988432544480738,3.3359095076905603,2.5725948143314703
9.47368489473684,19.90677723587106,3.1881285341981047,2.6231976072041228,3.0620361122774966,3.3453790496288596,2.6448741373894165
11.052632210526314,10.948727479729083,1.5082154847335045,2.059704169096169,2.026238115527116,3.423376768465933,1.6410192752553168
11.052632210526314,11.944066341522637,1.9982587055442842,2.1286819480068684,2.1502834309634653,3.411017961256009,1.7570041308697613
11.052632210526314,12.93940520331619,2.315622102613336,2.208193305538399,2.299137019095961,3.402498073017614,1.8996087961051575
11.052632210526314,13.934744065109744,2.543166516478457,2.2909549159955818,2.4437361198806067,3.397525505453347,2.0398124313875705
11.052632210526314,14.930082926903296,2.7181310775853658,2.372681130776604,2.5748279161604395,3.3958004978624436,2.1677254940001967
11.052632210526314,15.92542178869685,2.8589045590716773,2.4511706073035286,2.6912760762354644,3.397019187136196,2.2817334484669174
11.052632210526314,16.920760650490404,2.975750309867146,2.525465908637144,2.7944436629762435,3.4008787880309224,2.3829204887960818
11.052632210526314,17.916099512283957,3.0749467236376127,2.595290677264725,2.8861994815235232,3.4070830111768147,2.47299880532379
11.052632210526314,18.91143837407751,3.1606053710180384,2.6607177494966425,2.968302767690942,3.415347051879489,2.553637629186585
11.052632210526314,19.90677723587106,3.2355626272810953,2.721985150067568,3.042253293138949,3.4254017197988524,2.626282729924417
12.631579526315788,0.9953388617935531,3.4267379586873434,2.7321036092413404,3.1651380679677126,3.833001338118209,2.7998390363511225
12.631579526315788,1.9906777235871063,3.3147054170977266,2.605159298234092,3.0612969293377614,3.7706654799708303,2.691695335420598
12.631579526315788,2.9860165853806593,3.188149324704284,2.4788432541508927,2.9481537772495976,3.7155273952983254,2.575041845483216
12.631579526315788,3.9813554471742125,3.0430295835692838,2.3538667127672572,2.823890307125647,3.666919898740897,2.4480016846948907
12.631579526315788,4.976694308967765,2.8730642024899304,2.233555229179147,2.6866247274622816,3.6243032179057217,2.30874103606341
12.631579526315788,5.972033170761319,2.6678676451883083,2.1251880395414364,2.5349803337339445,3.5872459644587757,2.1560297691623735
12.631579526315788,6.967372032554872,2.4086914506724044,2.040617609280787,2.3699424883163385,3.5553946342082607,1.9910708256563763
12.631579526315788,7.962710894348425,2.0574540648854773,1.993557253060199,2.200082164656861,3.528446078559509,1.82248767557317
12.631579526315788,8.958049756141978,1.5316847584353692,1.9921632643793141,2.0525735593302548,3.5061253617323387,1.6764223975725971
12.631579526315788,9.95338861793553,1.0319330186752722,2.0327339772512505,1.9789934188679439,3.4881691752227537,1.601270583043521
12.631579526315788,10.948727479729083,1.5944784386967126,2.102377840243091,2.0157118708068844,3.474314516881454,1.6315464781281468
12.631579526315788,11.944066341522637,2.0595346049077485,2.1870836643221576,2.13392374306523,3.464292139666665,1.7418660587235741
12.631579526315788,12.93940520331619,2.3657441674192734,2.2766810997502365,2.2804013787027375,3.457824086199481,1.8820457796166281
12.631579526315788,13.934744065109744,2.587803963168666,2.3653001395856847,2.424435149073688,3.4546244594872433,2.0216105240562516
12.631579526315788,14.930082926903296,2.759836654894061,2.45006817496731,2.555670976420657,3.454402484448641,2.1496183182801447
12.631579526315788,15.92542178869685,2.89901157706767,2.529832419676956,2.6724884821528825,3.456866917633405,2.2639707319912175
12.631579526315788,16.920760650490404,3.015033921923371,2.6043294508812878,2.77606301855665,3.4617309622653543,2.3655571723597806
12.631579526315788,17.916099512283957,3.113893406792412,2.673720570575802,2.868195846071719,3.4687170165711523,2.456016524068226
12.631579526315788,18.91143837407751,3.1995380220239324,2.7383492514137866,2.950625432560189,3.477560787708068,2.5369934499056255
12.631579526315788,19.90677723587106,3.2747047748613203,2.798619674813915,3.02484858629242,3.4880145049922753,2.609928352399975
14.210526842105262,0.9953388617935531,3.426702191308701,2.7282520581005687,3.165226081889365,3.8391512120583338,2.79993162702667
14.210526842105262,1.9906777235871063,3.3145177143910294,2.5963192734359133,3.0616058112196467,3.7822429677701885,2.6920146076669913
14.210526842105262,2.9860165853806593,3.187600826964344,2.463677508487161,2.9488671870787218,3.731892767520567,2.575769810228968
14.210526842105262,3.9813554471742125,3.0417768175896693,2.3316722112902344,2.8252380440981884,3.6875581407791023,2.449361992823285
14.210526842105262,4.976694308967765,2.8705400218559167,2.2050383394378286,2.688881315438938,3.648792827976224,2.3109961578445346
14.210526842105262,5.972033170761319,2.6630902865384876,2.0937964099913353,2.5384341976697553,3.6152312730201803,2.1594488045589095
14.210526842105262,6.967372032554872,2.3998227240085446,2.0136181035748546,2.3747525922410415,3.5865641593447997,1.995789669744588
14.210526842105262,7.962710894348425,2.0407588834418977,1.9804481792771245,2.2057961737636353,3.5625163856468602,1.8280582698125687
14.210526842105262,8.958049756141978,1.5026617126152255,1.9994901403369012,2.0570487226799665,3.542829715901707,1.680843204851622
14.210526842105262,9.95338861793553,1.084227926829751,2.0604308272106264,1.9780822738981636,3.5272503218034097,1.6007327771956272
14.210526842105262,10.948727479729083,1.6622018610892,2.1457287290434865,2.007192711910858,3.515520909218316,1.6239063843303871
14.210526842105262,11.944066341522637,2.1086935132041296,2.2405846119541906,2.1200736226542003,3.5073768834573036,1.7290748201262762
14.210526842105262,12.93940520331619,2.406528148339139,2.3360314664473023,2.26423864015166,3.502545836248676,1.8669152073560509
14.210526842105262,13.934744065109744,2.6244429908569025,2.427655923096806,2.4076279144597907,3.5007495221139413,2.005775692820466
14.210526842105262,14.930082926903296,2.7942765027638936,2.5136877116291156,2.538899317071155,3.501707456886906,2.1337767928568256
14.210526842105262,15.92542178869685,2.932283279113561,2.5936894011991023,2.6559821496063774,3.505141324464361,2.2483728013985758
14.210526842105262,16.920760650490404,3.047743029679405,2.6678348617900234,2.75987251030162,3.510779505395537,2.350268486041954
14.210526842105262,17.916099512283957,3.146422886375001,2.736546937235928,2.8523049388685866,3.518361213481765,2.44103114495523
14.210526842105262,18.91143837407751,3.2321436179953578,2.8003245456235493,2.934995811771313,3.527639911080577,2.522280031377131
14.210526842105262,19.90677723587106,3.3075644143201854,2.8596641021031437,3.0094372315274183,3.538385842459598,2.595448709013881
15.789474157894736,0.9953388617935531,3.4266731083132567,2.7251000608178164,3.1652978169487063,3.8440986581034373,2.8000072076017095
15.789474157894736,1.9906777235871063,3.314363511598531,2.5889816390668137,3.061860235706107,3.791610351062309,2.692277805216426
15.789474157894736,2.9860165853806593,3.1871463974909893,2.4509384716546276,2.9494598927551694,3.7451996989651426,2.576374973946019
15.789474157894736,3.9813554471742125,3.0407313232852657,2.3128994871642683,2.8263658332886643,3.7044085541487926,2.450500915375832
15.789474157894736,4.976694308967765,2.868419572073573,2.181036014719335,2.690781440907791,3.668854261761064,2.312896078497209
15.789474157894736,5.972033170761319,2.6590518515985493,2.068242988963541,2.541359818196095,3.6382157598879403,2.1623466094189645
15.789474157894736,6.967372032554872,2.3922802252613335,1.9939275661922222,2.3788567010483357,3.6122132718042295,1.9998183305189248
15.789474157894736,7.962710894348425,2.026511726396419,1.9751734189824603,2.210738338050425,3.5905903078273784,1.8328778882574186
15.789474157894736,8.958049756141978,1.4790526122592167,2.0127052558928815,2.0610913638422925,3.5730998620434984,1.6848266157164964
15.789474157894736,9.95338861793553,1.1343139413695387,2.0899114007559323,1.977697905476396,3.559494977688294,1.6006392545298869
17.36842147368421,0.9953388617935531,3.4266489960811803,2.722472967931259,3.165357401369413,3.848164615672438,2.8000700730754615
17.36842147368421,1.9906777235871063,3.3142345729310727,2.5827934902200336,3.0620734323252337,3.799344187607349,2.69249851502511
17.36842147368421,2.9860165853806593,3.1867637297509335,2.4400876469067385,2.949960141781592,3.7562299457190993,2.5768860130846276
17.36842147368421,3.9813554471742125,3.0398455164456206,2.296822601248275,2.8273234819536386,3.71842241057037,2.4514684793445047
17.36842147368421,4.976694308967765,2.8666129475780853,2.1606096073511316,2.692403447222838,3.6855833317985938,2.314518683807079
17.36842147368421,5.972033170761319,2.6555927117450158,2.0472751474696276,2.543869840699416,3.657422465255991,2.1648340378655657
17.36842147368421,6.967372032554872,2.3857864643344167,1.9797286575080681,2.382399403248173,3.6336802372465584,2.0032977526061297
17.36842147368421,7.962710894348425,2.0142162857885495,1.975105641333662,2.215052974866235,3.6141127844653544,1.8370868502869686
17.36842147368421,8.958049756141978,1.4597292708165692,2.0287847188191797,2.064746155447732,3.5984808501455063,1.6884212514795836
17.36842147368421,9.95338861793553,1.1800048839128285,2.1187896263883848,1.9776667724998842,3.5865426207578297,1.6008379824613084
15.789474157894736,10.948727479729083,1.7168158070348127,2.186422119785925,2.0002079022207835,3.5495233357459157,1.6176627999477216
15.789474157894736,11.944066341522637,2.149042275176143,2.2879001017532685,2.1082265666075295,3.542925285240435,1.7181523780803605
15.789474157894736,12.93940520331619,2.4403820332921375,2.3868175121069917,2.250170922497964,3.5394345904136433,1.853762011636534
15.789474157894736,13.934744065109744,2.6550711199462333,2.479990201073795,2.392872850989746,3.5387811001559526,1.991886548954916
15.789474157894736,14.930082926903296,2.8232086629968096,2.5664581109787883,2.524103694899517,3.5406945550868607,2.1198106516503437
15.789474157894736,15.92542178869685,2.9603396348965125,2.646271069125572,2.6413749561283213,3.544908832500699,2.234575961536807
15.789474157894736,16.920760650490404,3.0754093596459673,2.7198867907678603,2.745512630133969,3.55116606869323,2.3367131157668726
15.789474157894736,17.916099512283957,3.1740084061860325,2.7878921197222524,2.838186232887765,3.5592202635172128,2.427720270316946
15.789474157894736,18.91143837407751,3.25985590888713,2.850880686864835,2.9210894641072693,3.568840135617719,2.5091910945726053
15.789474157894736,19.90677723587106,3.335548532783366,2.909403538129504,2.9957085547370017,3.5798111378972135,2.582551381220289
17.36842147368421,10.948727479729083,1.7618218772830345,2.2233812938251334,1.9944142807872918,3.5780501150471125,1.6125001933250238
17.36842147368421,11.944066341522637,2.1827778107435654,2.329272262304263,2.097998938195707,3.572748521615931,1.7087376356954622
17.36842147368421,12.93940520331619,2.46894756772419,2.4302959320144693,2.237828862631335,3.570377769705869,1.8422351120353144
17.36842147368421,13.934744065109744,2.6810651273126034,2.524245334191751,2.379824744863588,3.570675585621788,1.9796140684130838
17.36842147368421,14.930082926903296,2.847864265821627,2.6107529281861526,2.5109615941072128,3.5733813294534116,2.1074126118925167
17.36842147368421,15.92542178869685,2.984324392326036,2.690207854337185,2.628363764605695,3.578240010303828,2.2222918882415557
17.36842147368421,16.920760650490404,3.0991214746320006,2.7632591113227827,2.7326964674128797,3.58500602035142,2.3246188128374725
17.36842147368421,17.916099512283957,3.1977027576763866,2.8306012828988667,2.825566407184905,3.5934462825914086,2.4158252368702366
17.36842147368421,18.91143837407751,3.283704385320964,2.892888773160062,2.9086445161253764,3.6033426512530893,2.4974795061240718
17.36842147368421,19.90677723587106,3.3596717195974,2.950706778037244,2.9834103936184007,3.6144935223924244,2.5709990843476453
18.947368789473682,0.9953388617935531,3.4266286805994026,2.7202497869950295,3.1654076780631963,3.8515652115823027,2.800123184280082
18.947368789473682,1.9906777235871063,3.3141251583356026,2.5775044157474234,3.0622546681415383,3.8058367874593757,2.6926862609529327
18.947368789473682,2.9860165853806593,3.1864370579809793,2.4307347837764,2.950388004947694,3.765520292047572,2.5773233152977233
18.947368789473682,3.9813554471742125,3.039085361360685,2.282906035822588,2.8281468082227117,3.7302580106387047,2.452300682797362
18.947368789473682,4.976694308967765,2.8650551453800968,2.143055706684577,2.693804272476139,3.6997433198344725,2.3159206180046334
18.947368789473682,5.972033170761319,2.652596250693454,2.029940232897103,2.5460469931012653,3.6737077080986906,2.1669925663709497
18.947368789473682,6.967372032554872,2.380136507709065,1.9696475291178015,2.3854883844645927,3.651905639952807,2.006332990899705
18.947368789473682,7.962710894348425,2.0035011959087248,1.9784062999619725,2.218851100801106,3.634101945785056,1.8407930709064213
18.947368789473682,8.958049756141978,1.443821424229739,2.045933168047401,2.068057046367223,3.6200628179350547,1.6916731969727123
18.947368789473682,9.95338861793553,1.2208730100202798,2.1459975459596965,1.9778730085711285,3.609550389967382,1.6012282180989046
18.947368789473682,10.948727479729083,1.7995733347872556,2.2564965541840527,1.989558395312049,3.6023204687906056,1.6081862409101766
18.947368789473682,11.944066341522637,2.2114179640606997,2.3653976241733305,2.0890958252797014,3.5981228043913926,1.7005536852831895
18.947368789473682,12.93940520331619,2.493383205431357,2.467720897414489,2.226923057634887,3.5967032015522262,1.8320598984611465
18.947368789473682,13.934744065109744,2.703409293478702,2.562024902527324,2.3682102588486162,3.5978067761167303,1.9686980374762237
18.947368789473682,14.930082926903296,2.869131472420641,2.648381055217629,2.4992158320679607,3.6011817232437866,2.096337841540396
18.947368789473682,15.92542178869685,3.005068351672448,2.7274213984996023,2.6167054765942406,3.6065830791078617,2.211289502967978
18.947368789473682,16.920760650490404,3.1196744804301453,2.7999285719228135,2.721192786342672,3.61377609749833,2.3137662582872016
18.947368789473682,17.916099512283957,3.2182785236980607,2.8666709042702028,2.8142241488093074,3.62253900542747,2.405136671996344
18.947368789473682,18.91143837407751,3.3044476181822584,2.928343536617277,2.8974479675740312,3.6326650287354387,2.4869443057290312
18.947368789473682,19.90677723587106,3.3806842903728485,2.9855539774864543,2.9723367384654114,3.643963678730145,2.560597997520203
20.526316105263156,0.9953388617935531,3.4266113305722308,2.7183440487913177,3.1654506682178902,3.8544512975130036,2.800168648727318
20.526316105263156,1.9906777235871063,3.3140311445303703,2.57293180564921,3.062410627424454,3.8113642973945523,2.692847917389485
20.526316105263156,2.9860165853806593,3.1861549221798846,2.42259015675662,2.9507581353899273,3.773451374842955,2.5777017738360795
20.526316105263156,3.9813554471742125,3.0384258638609616,2.270746331474315,2.8288622319044343,3.7403851013792604,2.4530240936800913
20.526316105263156,4.976694308967765,2.8636979861857754,2.127838172480378,2.695026296643932,3.711881725678009,2.317144069034053
20.526316105263156,5.972033170761319,2.649975256621618,2.015507168417646,2.5479534035535294,3.6876882548319916,2.168883427284588
20.526316105263156,6.967372032554872,2.375175659843704,1.9626520358424073,2.3882054773870975,3.6675690010345767,2.0090039378122393
20.526316105263156,7.962710894348425,1.99408313793582,1.9838167935229474,2.2222193373538537,3.651294827649251,1.8440807494556608
20.526316105263156,8.958049756141978,1.4306532246470172,2.0631259758283806,2.0710644377463185,3.638635808516972,1.6946239692256182
20.526316105263156,9.95338861793553,1.25717735096754,2.1711431240019152,1.9782380296679483,3.629357167514543,1.601742214115598
20.526316105263156,10.948727479729083,1.8317094109762142,2.2860349473829835,1.98545007788852,3.6232180294399257,1.6045471148669261
20.526316105263156,11.944066341522637,2.236046060401626,2.397035046809495,2.0812874482287613,3.619972363270275,1.6933852525664186
20.526316105263156,12.93940520331619,2.514530294657128,2.5001661817386553,2.217223932228694,3.619371447460119,1.82301887265255
20.526316105263156,13.934744065109744,2.7228263251747973,2.5945881459421556,2.3578104400493616,3.6211672095088177,1.958930242590412
20.526316105263156,14.930082926903296,2.887667414051845,2.680703628474994,2.488659078072126,3.625115872724247,2.0863891187947723
20.526316105263156,15.92542178869685,3.0231897963218803,2.759323356140624,2.606203148565824,3.6309814622575796,2.2013817049651077
20.526316105263156,16.920760650490404,3.1376629021454017,2.8313264005410455,2.7108134586885337,3.6385388577224393,2.3039770926710017
20.526316105263156,17.916099512283957,3.2363157103118536,2.897533377134638,2.8039787017334072,3.6475762106341074,2.395483623179693
20.526316105263156,18.91143837407751,3.322657096255039,2.9586677536075694,2.887325208293481,3.6578966567247635,2.4774207877750807
20.526316105263156,19.90677723587106,3.3991532919866185,3.0153521579249825,2.962318104095756,3.669319338105361,2.551188684626861
22.10526342105263,0.9953388617935531,3.4265963408737035,2.716692315710796,3.1654878478741586,3.856931352239956,2.8002080074303226
22.10526342105263,1.9906777235871063,3.313949493125632,2.5689393588062868,3.0625462525266385,3.8161266950165156,2.6929885709278585
22.10526342105263,2.9860165853806593,3.1859087913896995,2.415434166545115,2.951081481028096,3.780300530184934,2.5780325223985505
22.10526342105263,3.9813554471742125,3.037848253009748,2.2600339133840563,2.82948966818723,3.7491477214732476,2.4536587497999642
22.10526342105263,4.976694308967765,2.862504993975321,2.114542210209267,2.696101717139133,3.722401245145154,2.318221107137582
22.10526342105263,5.972033170761319,2.6476631844120075,2.0034101784290237,2.549636638780815,3.6998192736921,2.1705535322851026
22.10526342105263,6.967372032554872,2.370784925776787,1.957969140212871,2.3906139714424897,3.681173049273627,2.011372424290456
22.10526342105263,7.962710894348425,1.985742286085268,1.9904877779564225,2.22522616604687,3.666237623851701,1.8470164594158387
22.10526342105263,8.958049756141978,1.4196964529610239,2.0798038604481803,2.0738042927375706,3.654785856358041,1.697310065735834
22.10526342105263,9.95338861793553,1.2894018465025205,2.1941664885857968,1.9787078426803215,3.6465854298682263,1.6023338778611202
23.684210736842104,0.9953388617935531,3.4265832605307827,2.7152469934885506,3.1655203199302635,3.8590853769545674,2.8002424133008517
23.684210736842104,1.9906777235871063,3.3138779157820433,2.5654232794131877,3.0626652764236524,3.8202723351381414,2.693112066210974
23.684210736842104,2.9860165853806593,3.185692183692333,2.4090973432284892,2.9513663860826047,3.78627456504342,2.578324051452411
23.684210736842104,3.9813554471742125,3.0373381560365122,2.2505274055033215,2.8300444139269834,3.7568035344730695,2.4542200500667897
23.684210736842104,4.976694308967765,2.8614480410125904,2.102842605406372,2.6970554350434384,3.731604547542562,2.319176548379879
23.684210736842104,5.972033170761319,2.645608364923307,1.9932078861169884,2.5511337354061565,3.710443831573883,2.1720394298728642
23.684210736842104,6.967372032554872,2.3668712561097447,1.955020230958598,2.39276357817681,3.693097486679605,2.0134870468114117
23.684210736842104,7.962710894348425,1.9783055275579178,1.9978519205691148,2.2279263850114015,3.6793434490189654,1.8496534816702013
23.684210736842104,8.958049756141978,1.4105356975844234,2.095682366191666,2.0763081116165076,3.668956578972126,1.6997631881451993
23.684210736842104,9.95338861793553,1.3180660736755543,2.2151621174965856,1.979244965242751,3.6617065429871696,1.6029715785284628
22.10526342105263,10.948727479729083,1.8594073472689996,2.312382462358023,1.9819445792574284,3.641398386092696,1.6014508405302466
22.10526342105263,11.944066341522637,2.2574566861521213,2.424875378921221,2.074392564920949,3.6389825599029253,1.6870628785060624
22.10526342105263,12.93940520331619,2.5330150102656184,2.5285062824205102,2.208547307555293,3.6390942714877976,1.8149377984059096
22.10526342105263,13.934744065109744,2.7398590961501106,2.622911778818347,2.3484480286827423,3.6414916757984708,1.9501422897560974
22.10526342105263,14.930082926903296,2.903968935467476,2.70874947765578,2.479122504958199,3.6459382605634287,2.0774059640907567
22.10526342105263,15.92542178869685,3.03915854487925,2.7869648739417014,2.5966957119735588,3.652206105017082,2.1924155555065945
22.10526342105263,16.920760650490404,3.153540353317967,2.8585086142536675,2.701404061855821,3.6600786406543024,2.2951049676236477
22.10526342105263,17.916099512283957,3.2522583938006675,2.924239519623003,2.7946812058559143,3.6693527751628747,2.386725342149952
22.10526342105263,18.91143837407751,3.3387717108339494,2.9849013736978076,2.878131996058929,3.679840339457179,2.468772917001256
22.10526342105263,19.90677723587106,3.415515396943574,3.0411273648287906,2.9532140684552197,3.691368890145146,2.5426390638251757
23.684210736842104,10.948727479729083,1.8835348747972498,2.3359360197323733,1.9789302657894872,3.657357957859286,1.5987958753308154
23.684210736842104,11.944066341522637,2.276246314232314,2.449508794958955,2.0682666051544136,3.655672185609635,1.6814516403026232
23.684210736842104,12.93940520331619,2.5493132608130207,2.5534419033853943,2.2007438962980133,3.6564101653340955,1.8076756379245227
23.684210736842104,13.934744065109744,2.754923485434902,2.6477546703852632,2.339978118131244,3.6593357260692536,1.9421966510109934
23.684210736842104,14.930082926903296,2.918418801931894,2.733304559456225,2.4704673634277436,3.664218923762893,2.069256578048173
23.684210736842104,15.92542178869685,3.053338117354589,2.811141006266009,2.5880502773942107,3.670839065829226,2.184264934586186
23.684210736842104,16.920760650490404,3.1676590659820403,2.8822691016857163,2.6928367815943277,3.678987209317387,2.2870287948631445
23.684210736842104,17.916099512283957,3.266452449300333,2.947576313375193,2.786208102528201,3.6884680283316778,2.378745032654042
23.684210736842104,18.91143837407751,3.3531342130510082,3.0078213841522556,2.8697482930764373,3.699101033810514,2.4608875042542375
23.684210736842104,19.90677723587106,3.4301124433863768,3.063645068448134,2.9449074848252614,3.7107211907569324,2.534838956553641
25.263158052631578,0.9953388617935531,3.4265717465761636,2.713971676692075,3.1655489249436877,3.8609736609061076,2.8002727461136874
25.263158052631578,1.9906777235871063,3.3138146561892374,2.5623031331832675,3.062770571200299,3.823913584583558,2.6932213632561948
25.263158052631578,2.9860165853806593,3.1855000856158777,2.4034468218957317,2.9516193216854467,3.791530811015141,2.5785829489574583
25.263158052631578,3.9813554471742125,3.036884380464603,2.2420359173950386,2.8305384133582625,3.7635492893621683,2.4547200241219516
25.263158052631578,4.976694308967765,2.8605050858410257,2.092481303981104,2.6979070119138675,3.7397234474625147,2.320029897170407
25.263158052631578,5.972033170761319,2.6437700613223973,1.9845532912574053,2.55247396188939,3.7198253081323065,2.1733700186028724
25.263158052631578,6.967372032554872,2.363360830531537,1.9533717232555208,2.394693883896041,3.7036343339731372,2.015386526109497
25.263158052631578,7.962710894348425,1.9716347278996544,2.005533693233029,2.230364330739522,3.6909304075423606,1.8520349347292073
25.263158052631578,8.958049756141978,1.402842253462628,2.1106367436390343,2.078603269030329,3.681489820329477,1.7020107231073072
25.263158052631578,9.95338861793553,1.3436533466037566,2.2342885887406245,1.9798231752430668,3.6750838563023014,1.6036334910596555
25.263158052631578,10.948727479729083,1.9047460143940091,2.3570616809420954,1.976320002278507,3.6714794153605084,1.5965031338244289
25.263158052631578,11.944066341522637,2.2928717074992275,2.471426822300683,2.06279305808595,3.6704410729727823,1.6764429852569356
25.263158052631578,12.93940520331619,2.5637933793833496,2.5755330461062758,2.193691546602169,3.671733990952977,1.8011171339207543
25.263158052631578,13.934744065109744,2.768343580183982,2.6697107813436864,2.332281189255265,3.675127164510646,1.9349799943541763
25.263158052631578,14.930082926903296,2.931316761322817,2.754976886994803,2.4625786493863413,3.6803965946340287,2.0618317869114944
25.263158052631578,15.92542178869685,3.0660142747480563,2.832462563297021,2.580156309713904,3.687328093406523,2.1768249862998794
25.263158052631578,16.920760650490404,3.1802967940934685,2.9032152076314066,2.6850050032127886,3.69571954566846,2.2796476038232156
25.263158052631578,17.916099512283957,3.279171348426959,2.9681442505692153,2.7784560737932797,3.705382550713735,2.3714450543027796
25.263158052631578,18.91143837407751,3.3660162441350594,3.0280197012897676,2.86207350172853,3.716143445365187,2.4536697060508783
25.263158052631578,19.90677723587106,3.4432159246550795,3.0834878531148453,2.937299974190113,3.7278437629953336,2.5276958434855046
26.842105368421052,0.9953388617935531,3.42656153354182,2.7128380438643065,3.165574314697455,3.862642498049144,2.8002996888841034
26.842105368421052,1.9906777235871063,3.31375834392309,2.559515625701254,3.0628643826369464,3.827137102651573,2.69331877810043
26.842105368421052,2.9860165853806593,3.185328558437333,2.3983769714787466,2.951845383550608,3.796191068595433,2.5788144051437345
26.842105368421052,3.9813554471742125,3.0364780799686164,2.2344065627289456,2.8309811290896216,3.7695377901973046,2.455168206442212
26.842105368421052,4.976694308967765,2.8596586097721457,2.08325130609638,2.6986720286739176,3.7469384518645015,2.3207966959808686
26.842105368421052,5.972033170761319,2.6421157187368216,1.9771715480892458,2.5536807542604745,3.7281692084291835,2.1745684499312836
26.842105368421052,6.967372032554872,2.36019432822998,1.952697944821353,2.3964368006939276,3.713011791355711,2.017102093128613
26.842105368421052,7.962710894348425,1.965618356975892,2.013287162685894,2.232576240395986,3.7012473463668734,1.8541960689583827
26.842105368421052,8.958049756141978,1.3963544439542876,2.1246334092053027,2.080713476211142,3.6926531746558005,1.7040762886745333
26.842105368421052,9.95338861793553,1.366588295607143,2.2517236595050942,1.980424035807098,3.687001891680988,1.6043045265958227
26.842105368421052,10.948727479729083,1.9235433110439892,2.376081676674227,1.9740450209840927,3.6840624302365956,1.594510329240742
26.842105368421052,11.944066341522637,2.3076887438175313,2.491035065429853,2.0578771336111066,3.6836022940627586,1.6719487346278323
26.842105368421052,12.93940520331619,2.576745003893476,2.5952288402727364,2.187289440108389,3.685390504766019,1.7951672693276295
26.842105368421052,13.934744065109744,2.780375756555517,2.6892494517195256,2.3252578507414787,3.689200765001325,1.9283981525785512
26.842105368421052,14.930082926903296,2.9429009590264092,2.7742428798434497,2.4553602891218635,3.694814467827481,2.0550404425640654
26.842105368421052,15.92542178869685,3.077414812702341,2.851405777071353,2.5729211725306174,3.7020232979814036,2.1700078722564857
26.842105368421052,16.920760650490404,3.191675563256616,2.9218190334769765,2.6778191501784248,3.7106312800168153,2.2728765869019605
26.842105368421052,17.916099512283957,3.290634212661549,2.986409247053325,2.7713381261674908,3.720456220064894,2.36474321235603
26.842105368421052,18.91143837407751,3.3776359152083835,3.0459550796413537,2.8550227560095838,3.731330557074621,2.4470395222979264
26.842105368421052,19.90677723587106,3.455044245106081,3.1011069547610592,2.9303083950508686,3.7431016851823387,2.521131541448414
28.421052684210526,0.9953388617935531,3.426552412739425,2.7118237320788126,3.165597002344846,3.864128023889658,2.800323779970012
28.421052684210526,1.9906777235871063,3.3137078939719125,2.557010268473272,3.062948492072519,3.830010789955415,2.6934061489292436
28.421052684210526,2.9860165853806593,3.1851744647428526,2.3938027613358055,2.9520486389769798,3.8003510911922365,2.579022564629335
28.421052684210526,3.9813554471742125,3.0361121698520734,2.2275154944845488,2.831380154922124,3.774889499751295,2.4555722516326037
28.421052684210526,4.976694308967765,2.8588945122881833,2.074984911865257,2.6993630494726024,3.7533921862933837,2.3214894832040587
28.421052684210526,5.972033170761319,2.6406190055851724,1.9708433895016597,2.5547731003601153,3.7356381991092134,2.175653489780982
28.421052684210526,6.967372032554872,2.357323530637994,1.95275352714793,2.3980183389208305,3.721410730335569,2.018659215535663
28.421052684210526,7.962710894348425,1.9601654048634987,2.0209536984648038,2.234592007479008,3.7104916858762507,1.8561659712889103
28.421052684210526,8.958049756141978,1.390862706495505,2.137689413271629,2.082659258722456,3.702659061367378,1.705980261818445
28.421052684210526,9.95338861793553,1.3872346077862214,2.267642657981656,1.981034557069126,3.6976865769166625,1.6049742755527663
28.421052684210526,10.948727479729083,1.9403194674977655,2.3932735665330696,1.9720504958684293,3.6953449829586047,1.5927678989361493
28.421052684210526,11.944066341522637,2.3209789319416623,2.508667708734183,2.053441037190613,3.695404454802165,1.6678966232961998
28.421052684210526,12.93940520331619,2.588399101919983,2.612891765578575,2.181453699024098,3.6976375453804255,1.7897470786859366
28.421052684210526,13.934744065109744,2.7912255393685204,2.706745337548159,2.3188248217655585,3.7018222538723613,1.9223722842636726
28.421052684210526,14.930082926903296,2.9533630341983814,2.791480477062061,2.4487314386624535,3.7077448765099383,2.048805889463851
28.421052684210526,15.92542178869685,3.08772358862421,2.868347045723632,2.5662666853621694,3.7152024184906525,2.163739491947622
28.421052684210526,16.920760650490404,3.201975015374822,2.938452885583618,2.6712034526243356,3.724004448763157,2.2666440296074457
28.421052684210526,17.916099512283957,3.3010187096316495,3.0027382425836047,2.7647805346653493,3.7339743636022615,2.3585698633293974
28.421052684210526,18.91143837407751,3.3881704058215165,3.06198853826844,2.848524013350469,3.7449500865000314,2.4409290504604937
28.421052684210526,19.90677723587106,3.465775122334339,3.1168573250946783,2.923862061250601,3.756784271339326,2.5150795848511462
30.0,0.9953388617935531,3.4265442178506014,2.7109108484959172,3.1656173973873662,3.865458856042424,2.800345449448522
30.0,1.9906777235871063,3.3136624361044036,2.5547462966308063,3.063024330547285,3.8325886001450513,2.693484953292733
30.0,2.9860165853806593,3.1850352744532677,2.38965497590029,2.95223237384265,3.804087187804688,2.5792107771705366
30.0,3.9813554471742125,3.035780909085427,2.221261355088954,2.8317416555846378,3.779700655192515,2.4559383761383553
30.0,4.976694308967765,2.858201315394725,2.0675450204740806,2.6999903183337794,3.759198821420622,2.3221184858147788
30.0,5.972033170761319,2.639258392554232,1.965392671710668,2.555766547623251,3.7423626976069064,2.1766405103927835
30.0,6.967372032554872,2.354708837695544,1.9533529729882495,2.3994599104210392,3.728976334465984,2.020078867939869
30.0,7.962710894348425,1.9552008898780617,2.0284334044883336,2.2364365032846405,3.7188220248939126,1.857968848254927
30.0,8.958049756141978,1.3861982302369331,2.149848573930239,2.0844584022256885,3.7116782207268466,1.7077402537072652
30.0,9.95338861793553,1.4059003255109348,2.282208813004956,1.9816455993119806,3.7073195645890697,1.6056356090166342
30.0,10.948727479729083,1.9553859246375047,2.40887409529283,1.9702923045493417,3.705518438592305,1.591236030044323
30.0,11.944066341522637,2.332967953849883,2.5246007343090704,2.0494204054228113,3.7060474596909176,1.664226941743072
30.0,12.93940520331619,2.5989421602036855,2.628816558777992,2.1761140226668774,3.7086824167259547,1.7847904455771575
30.0,13.934744065109744,2.801059651016494,2.7225005443184385,2.3129118306401075,3.7132052386876673,1.9168359128876253
30.0,14.930082926903296,2.962858974072016,2.806992984843154,2.442623610530821,3.719406693049716,2.043063223317089
30.0,15.92542178869685,3.0970906546418004,2.883587594597178,2.560126437942669,3.7270886221172317,2.1579569255447533
30.0,16.920760650490404,3.2113420857040045,2.9534142192537702,2.6650934155546673,3.7360656221474215,2.2608889062438244
30.0,17.916099512283957,3.310470435791014,3.017424117639682,2.7587204384957316,3.7461661472142045,2.3528656383963873
30.0,18.91143837407751,3.3977651565709888,3.0764080720616493,2.842515757083955,3.7572330748092777,2.4352803166688526
30.0,19.90677723587106,3.4755546601586182,3.1310220380709315,2.917900534770664,3.7691238041403197,2.5094831484986333
