sigma,B,Obj_mass,Obj_concentration,Obj_retentate_concentration,Obj_permeate_conductivity,Obj_retentate_conductivity
0.05263157894736842,15.789474157894736,1.7332859958946192,2.1172838614883087,1.9940649881288424,3.5602305670675345,1.6151272969822696
0.05263157894736842,17.36842147368421,1.7355607147865266,2.147059148450081,1.989519555138096,3.58735931023183,1.6112315793548957
0.05263157894736842,18.947368789473682,1.7375189625329521,2.1744635629360927,1.9862443010201647,3.6104188308549836,1.6084679572240126
0.05263157894736842,20.526316105263156,1.7392223711241386,2.1993750222726907,1.9838964175097493,3.6302571467733764,1.6065271567809156
0.05263157894736842,22.10526342105263,1.7407175678445392,2.221905743043296,1.982233013622567,3.6475028269774032,1.605190747074153
0.05263157894736842,23.684210736842104,1.7420404739692106,2.242259146145677,1.981079554065602,3.6626313907242602,1.6043022427441411
0.05263157894736842,25.263158052631578,1.743219207234671,2.26066271970754,1.9803089954250206,3.676009072261225,1.6037480748602233
0.05263157894736842,26.842105368421052,1.7442760895268699,2.2773378027874105,1.9798277718164823,3.6879224293731854,1.6034448498495282
0.05263157894736842,28.421052684210526,1.7452290656138638,2.292487205740695,1.9795662363813458,3.6985988461934447,1.6033306831496865
0.05263157894736842,30.0,1.7460927249365137,2.3062913333819197,1.979472046910354,3.708221028929333,1.6033592164744048
0.0,15.789474157894736,1.7636354941472387,2.1189305292449676,1.9956946014852888,3.560278260672401,1.6165932259094862
0.0,17.36842147368421,1.7636354941472387,2.1487380663844067,1.9907808601947194,3.5874109195911594,1.6123620821384705
0.0,18.947368789473682,1.7636354941472383,2.176138544128649,1.9872186874020104,3.6104727724832335,1.6093375044882714
0.0,20.526316105263156,1.7636354941472383,2.201024675323566,1.9846449772658903,3.6303123496444023,1.6071915331278872
0.0,22.10526342105263,1.7636354941472379,2.2235178397437636,1.9828021493882912,3.647558557323169,1.6056922587123785
0.0,23.684210736842104,1.7636354941472387,2.2438271127162,1.9815049114666174,3.662687141725507,1.6046733505419957
0.0,25.263158052631578,1.7636354941472383,2.2621834699269043,1.9806182497492937,3.676064492703155,1.6040139588776998
0.0,26.842105368421052,1.7636354941472367,2.278810396302246,1.9800426250586713,3.687977276413423,1.60362524166758
0.0,28.421052684210526,1.763635494147238,2.2939120115205642,1.9797038647678458,3.6986529534517896,1.603441190903621
0.0,30.0,1.763635494147238,2.307669504085972,1.9795461619357189,3.7082742845437933,1.6034122943337252
0.05263157894736842,1e-06,1.609843528307747,3.04575721690335,2.551716153162069,3.045757016666853,2.130525976936106
0.05263157894736842,1.5789483157894735,1.653552821871072,2.6971305318039245,2.3593189916019686,2.6993872870603877,1.94951082387084
0.05263157894736842,3.1578956315789473,1.6781581747044998,2.4208608311294317,2.2355038315047335,2.834690216340858,1.8342279044844585
0.05263157894736842,4.73684294736842,1.6938644405741041,2.215863791090667,2.1544125571489503,3.0380894940506504,1.7595110768844324
0.05263157894736842,6.315790263157894,1.7047346152995781,2.086319181744792,2.100461783982654,3.189293708482602,1.7102684542422584
0.05263157894736842,7.894737578947368,1.7126939350398025,2.0250716887242333,2.0639875570451394,3.2979142183774286,1.677255884199722
0.05263157894736842,9.47368489473684,1.7187688047392098,2.01238636357508,2.0389360448066447,3.3783580611989334,1.654757013427962
0.05263157894736842,11.052632210526314,1.7235552496003832,2.027121309041717,2.0214772775193324,3.439984429844552,1.63919566535459
0.05263157894736842,12.631579526315788,1.7274225844488562,2.0543743120181084,2.009155787594495,3.4885900627901427,1.6282998022525919
0.05263157894736842,14.210526842105262,1.7306116245445093,2.0857919727538015,2.0003718630571385,3.5278614063632703,1.6205998769237275
0.0,1e-06,1.7636354941472385,3.0457571574976945,2.578758611323814,3.0457570171344486,2.156134056570685
0.0,1.5789483157894735,1.7636354941472392,2.6969313501670222,2.3796216265608003,2.699144606357799,1.968594538122684
0.0,3.1578956315789473,1.763635494147238,2.4200760390980327,2.250588405321518,2.834278502136158,1.8482863294592589
0.0,4.73684294736842,1.7636354941472387,2.2148026234151095,2.1655906369985694,3.037845824587058,1.7698496091253646
0.0,6.315790263157894,1.7636354941472387,2.0855256816460015,2.1087717184246584,3.1891714760424805,1.7179066909610465
0.0,7.894737578947368,1.7636354941472383,2.0249183195922686,2.0702070019910686,3.2978627949854507,1.68294450248883
0.0,9.47368489473684,1.763635494147238,2.0129079359027453,2.0436291104628634,3.378348353062713,1.6590324749279481
0.0,11.052632210526314,1.7636354941472379,2.028158319328044,2.025047522329487,3.4400000690330153,1.6424372606048045
0.0,12.631579526315788,1.763635494147238,2.0557416827792125,2.0118913470121087,3.4886214890882887,1.630775940748321
0.0,14.210526842105262,1.763635494147239,2.0873466845871174,2.0024795427943216,3.5279028012337195,1.6225019333605963
0.10526315789473684,15.789474157894736,1.7024674700785856,2.115651198115758,1.992517130343763,3.560183655454859,1.6137364449226967
0.10526315789473684,17.36842147368421,1.707087132923984,2.145392212885901,1.9883268077943632,3.5873084106651,1.610163984983927
0.10526315789473684,18.947368789473682,1.7110592304312546,2.1727988792790454,1.9853278932652654,3.6103655336622817,1.6076515931738842
0.10526315789473684,20.526316105263156,1.7145108122680688,2.1977342814316767,1.9831972952706867,3.6302025299728613,1.6059081280112066
0.10526315789473684,22.10526342105263,1.7175377708352562,2.2203014203009412,1.9817063653248284,3.647447630890628,1.6047282158816643
0.10526315789473684,23.684210736842104,1.7202138316267326,2.2406980136347854,1.9806909830921327,3.6625761280760782,1.6039648972267369
0.10526315789473684,25.263158052631578,1.7225966029174975,2.2591480216638926,1.980031813630802,3.6759540994853794,1.6035116408156012
0.10526315789473684,26.842105368421052,1.724731748198596,2.2758706056024827,1.9796410631645118,3.687867993879647,1.603290315649602
0.10526315789473684,28.421052684210526,1.7266559271220323,2.2910672415355564,1.979453455200019,3.6985451183424436,1.6032430175181005
0.10526315789473684,30.0,1.7283989088746212,2.304917531189151,1.9794199914442143,3.7081681240462503,1.6033264311522653
0.15789473684210525,1e-06,1.2579651756396888,3.0457572162310367,2.4984360370882874,3.045757015637372,2.0801118954645856
0.15789473684210525,1.5789483157894735,1.4113363899194171,2.6974891912018895,2.3197166165129444,2.699827284159055,1.9123433256768838
0.15789473684210525,3.1578956315789473,1.4944327547586636,2.4223850780350786,2.206352135856088,2.8354963795442725,1.8071058431661895
0.15789473684210525,4.73684294736842,1.5460841198603128,2.217955306113816,2.132978256386611,3.038573743863386,1.739718730290958
0.15789473684210525,6.315790263157894,1.5812066594694156,2.087910668261953,2.0846282525444817,3.1895395484065996,1.6957358165558558
0.15789473684210525,7.894737578947368,1.6066107064257487,2.025418210146776,2.052199740583387,3.2980197986274358,1.6664881136393246
0.15789473684210525,9.47368489473684,1.6258279090876122,2.01140123820162,2.0300825253292,3.3783805249600625,1.646701017151074
0.15789473684210525,11.052632210526314,1.6408675123088137,2.0251080394444156,2.014771622978185,3.439956138241327,1.6331145147242874
0.15789473684210525,12.631579526315788,1.6529553583950156,2.0516954518103785,2.004040951657141,3.488530004084602,1.6236758295953087
0.15789473684210525,14.210526842105262,1.6628811992757335,2.0827313500459756,1.9964503392074426,3.5277811801328016,1.6170659349420464
0.15789473684210525,15.789474157894736,1.671176524966379,2.1140323953198967,1.991050031867636,3.5601375135195896,1.6124197366258872
0.15789473684210525,17.36842147368421,1.6782120322386547,2.1437371494052355,1.9872017443610546,3.587258210626178,1.6091584894550395
0.15789473684210525,18.947368789473682,1.684254092306096,2.1711444065992898,1.9844687063152673,3.6103128722851716,1.60688771557871
0.15789473684210525,20.526316105263156,1.6894990044028402,2.1961023834573723,1.9825469565363485,3.6301484919483538,1.605333848844605
0.15789473684210525,22.10526342105263,1.694094595726777,2.218704814978797,1.981221640753003,3.6473929628435102,1.6043041518254049
0.15789473684210525,23.684210736842104,1.698154301224495,2.2391436683904646,1.980338712120745,3.6625213484403414,1.6036608724613994
0.15789473684210525,25.263158052631578,1.7017666083576313,2.257639336569068,1.9797862836642095,3.6758995697587142,1.6033042757811287
0.15789473684210525,26.842105368421052,1.7050015533803335,2.2744087714983663,1.9794821340955282,3.687813965916506,1.6031613091440053
0.15789473684210525,28.421052684210526,1.7079152893230445,2.2896520904508204,1.9793652033964948,3.6984917663845547,1.6031779071357783
0.15789473684210525,30.0,1.7105533616453799,2.3035480729501563,1.9793897177295086,3.7081155668029475,1.6033136878897105
0.10526315789473684,1e-06,1.4405864410563958,3.0457570051326424,2.5249422231269154,3.045757016165734,2.1051846078352927
0.10526315789473684,1.5789483157894735,1.5360624620475383,2.6973161478002585,2.3393474257823828,2.69961443079045,1.930757201732078
0.10526315789473684,3.1578956315789473,1.588424451260868,2.4216302222374506,2.220755804244941,2.8350960551391053,1.8204987647916702
0.10526315789473684,4.73684294736842,1.621353700714826,2.2169145529359495,2.1435403886814064,3.0383321176360303,1.749466356674395
0.10526315789473684,6.315790263157894,1.6439306621389271,2.0871142187268608,2.0924134967202366,3.1894164045893425,1.70287788502392
0.10526315789473684,7.894737578947368,1.6603566555227671,2.025238455658615,2.057985186740259,3.2979665618070606,1.6717705730037886
0.10526315789473684,9.47368489473684,1.6728361635093443,2.011884275653668,2.0344208104670374,3.378368793613863,1.6506468648332888
0.10526315789473684,11.052632210526314,1.6826350092355413,2.0261046658610584,2.018052361308868,3.439969793471955,1.6360884759642493
0.10526315789473684,12.631579526315788,1.6905310526829407,2.053025655223206,2.006539383876595,3.4885595737893667,1.6259334840388837
0.10526315789473684,14.210526842105262,1.6970282928066776,2.084253591899591,1.9983624987114887,3.527820870951986,1.6187882297979304
0.21052631578947367,15.789474157894736,1.6394131898523354,2.1124273127859414,1.9896626810880058,3.5600921292642567,1.6111762276303112
0.21052631578947367,17.36842147368421,1.648935143392352,2.1420938502533273,1.9861434823580213,3.5872087000919897,1.6082142771004317
0.21052631578947367,18.947368789473682,1.6571031389480382,2.1695000602178967,1.9836659777415182,3.610260838290565,1.6061756247222054
0.21052631578947367,20.526316105263156,1.664186482677989,2.194479260430042,1.9819447451477874,3.6300950255518414,1.6048037202011454
0.21052631578947367,22.10526342105263,1.6703875668472272,2.2171158716361763,1.980778275485213,3.647338816733045,1.6039180415601009
0.21052631578947367,23.684210736842104,1.6758614197185189,2.237596064478589,1.9800222549017068,3.662467046569905,1.6033897274813342
0.21052631578947367,25.263158052631578,1.6807287848035486,2.256136625877854,1.9795719854785394,3.6758454785402552,1.6031255996680385
0.21052631578947367,26.842105368421052,1.6850850957273587,2.2729522677736598,1.979350620508083,3.6877603415297426,1.6030575014245365
0.21052631578947367,28.421052684210526,1.6890067737635408,2.288241724477102,1.9793011641595883,3.6984387868571083,1.6031350661861032
0.21052631578947367,30.0,1.692555735196868,2.3021829344725417,1.979380949001404,3.7080633541508656,1.6033207372484368
0.21052631578947367,1e-06,1.0756541559989807,3.0457571541601145,2.4722005832082568,3.0457570150789945,2.055313201504892
0.21052631578947367,1.5789483157894735,1.2811671141586651,2.69765057397419,2.300437654103603,2.7000269855699734,1.8942800181437949
0.21052631578947367,3.1578956315789473,1.396599964533593,2.4231262046682724,2.1923009182151088,2.835891524758788,1.7940562447532056
0.21052631578947367,4.73684294736842,1.4681876967720862,2.2189864273916458,2.1227301705592714,3.0388144187554706,1.7302713416265325
0.21052631578947367,6.315790263157894,1.5166126715249695,2.088708415259259,2.077107261036061,3.1896631250513083,1.6888429074039313
0.21052631578947367,7.894737578947368,1.5514772441414026,2.02561056041475,2.0466309124553965,3.298073903501207,1.6614079149420828
0.21052631578947367,9.47368489473684,1.5777535141430892,2.0109368328764847,2.025920198668819,3.3783932309375726,1.6429183673992838
0.21052631578947367,11.052632210526314,1.598257047606875,2.0241310902350054,2.0116338416863084,3.43994344325639,1.630272546986282
0.21052631578947367,12.631579526315788,1.6146973396104674,2.050383448429531,2.0016592632930834,3.488501336245679,1.6215256481067137
0.21052631578947367,14.210526842105262,1.628170976426529,2.08122506016688,1.994634247821783,3.527742319461503,1.6154319152438639
0.2631578947368421,15.789474157894736,1.6071818220553948,2.1108358135605565,1.988354051931933,3.5600474909970568,1.6100049628549726
0.2631578947368421,17.36842147368421,1.6192592392823042,2.1404622101194453,1.9851511312874242,3.5871598692730555,1.6073305266922886
0.2631578947368421,18.947368789473682,1.62960816109818,2.167865757274872,1.9829189409892374,3.6102094234264515,1.6055146183171516
0.2631578947368421,20.526316105263156,1.6385744120159436,2.1928648458109388,1.9813900031469733,3.6300421237775917,1.6043171421716909
0.2631578947368421,22.10526342105263,1.6464174413090853,2.215534535899146,1.9803757046711505,3.647285186569434,1.6035693719032644
0.2631578947368421,23.684210736842104,1.65333567362791,2.2360551568016818,1.9797411255435322,3.662413217308749,1.6031510220245764
0.2631578947368421,25.263158052631578,1.6594834366598779,2.2546398517101243,1.9793884998160867,3.675791821363156,1.6029752333655085
0.2631578947368421,26.842105368421052,1.6649825557734366,2.271501062262111,1.979246159304515,3.6877071168262328,1.6029785646746948
0.2631578947368421,28.421052684210526,1.669930476130124,2.2868361160403468,1.9792610217668731,3.6983861763479022,1.6031142099650288
0.2631578947368421,30.0,1.6744060669108547,2.300822091921565,1.9793934095921821,3.708011483083613,1.6033473308711037
0.2631578947368421,1e-06,0.9339971263482605,3.0457572154782637,2.446242508432029,3.0457570144941783,2.0307971961379394
0.2631578947368421,1.5789483157894735,1.1508536870470183,2.6978011356708147,2.2815229308882894,2.700214577419007,1.8765791680529373
0.2631578947368421,3.1578956315789473,1.2961294009203939,2.423854353900353,2.17861044514669,2.8362818024448955,1.7813571765496117
0.2631578947368421,4.73684294736842,1.3880520846811464,2.220008274385585,2.112799986084205,3.0390541859785167,1.7211271626723612
0.2631578947368421,6.315790263157894,1.4503037261069125,2.089507353023888,2.069851528942029,3.189787120617363,1.6821996289005425
0.2631578947368421,7.894737578947368,1.4950278079517394,2.025815132003898,2.0412782357979924,3.2981288523124515,1.6565292467305375
0.2631578947368421,9.47368489473684,1.528649470264161,2.010490656101573,2.0219327308983632,3.378406888233887,1.6392977218763305
0.2631578947368421,11.052632210526314,1.554823637080967,2.0231734889455644,2.0086377276127148,3.4399316883594087,1.6275612823321943
0.2631578947368421,12.631579526315788,1.5757685957182548,2.0490893986463097,1.9993930490335692,3.4884735533880344,1.61948171564933
0.2631578947368421,14.210526842105262,1.5929046252932486,2.0797345399872347,1.9929130628053287,3.527704274899655,1.6138850744974524
0.3157894736842105,15.789474157894736,1.57449220984957,2.1092577639266157,1.9871231047714935,3.560003587320753,1.6089049773465276
0.3157894736842105,17.36842147368421,1.589190848451115,2.138842126052713,1.9842237932972533,3.5871117086056983,1.6065064119813157
0.3157894736842105,18.947368789473682,1.6017736271630563,2.1662414166711588,1.9822268258565374,3.610158619616329,1.6049039918896026
0.3157894736842105,20.526316105263156,1.6126659166000255,2.1912590744013976,1.9808820711211808,3.6299897797580956,1.603873514291627
0.3157894736842105,22.10526342105263,1.6221864421400343,2.2139607544310866,1.9800133632800505,3.647232066473081,1.6032576300308203
0.3157894736842105,23.684210736842104,1.6305786677021825,2.2345209010773,1.9794948386924032,3.6623598555897146,1.6029443166746633
0.3157894736842105,25.263158052631578,1.6380317359299965,2.253148976834728,1.9792354083387953,3.675738593832974,1.6028527988425558
0.3157894736842105,26.842105368421052,1.6446947973524673,2.270055123320401,1.979168388486773,3.687654287972409,1.6029241722440501
0.3157894736842105,28.421052684210526,1.6506870374780427,2.2854352379924205,1.979244461655516,3.698333931494161,1.6031150549357982
0.3157894736842105,30.0,1.656104834671363,2.2994655218128117,1.9794268249839948,3.7079599506361496,1.6033932215219184
0.3157894736842105,1e-06,0.8952804222430585,3.045757215074275,2.4205720462877216,3.0457570138836947,2.0065757819635985
0.3157894736842105,1.5789483157894735,1.032121012268262,2.697941650933036,2.2629860368021335,2.70039101656415,1.8592536254036351
0.3157894736842105,3.1578956315789473,1.1956040035668662,2.424570227655813,2.1652891331671253,2.8366675027472086,1.7690158762550037
0.3157894736842105,4.73684294736842,1.3064799686757056,2.2210211867143235,2.1031913625921113,3.0392930869744,1.7122889608407241
0.3157894736842105,6.315790263157894,1.3825945748719932,2.0903073824988376,2.0628618450109677,3.1899115220894165,1.6758062538338616
0.3157894736842105,7.894737578947368,1.4374067894071187,2.0260315667009503,2.036141079690272,3.2981846220857376,1.651851237435689
0.3157894736842105,9.47368489473684,1.478589785176034,2.0100623182925483,2.018118913793187,3.378421474468172,1.6358377968096516
0.3157894736842105,11.052632210526314,1.5106084444082672,2.022234916073813,2.005781923332432,3.439920854094564,1.6249793759202444
0.3157894736842105,12.631579526315788,1.5361934946079037,2.0478130626411053,1.997240998459815,3.488446639148571,1.6175427764622405
0.3157894736842105,14.210526842105262,1.5570972921158546,2.0782596117915197,1.9912855985745217,3.527667032798406,1.6124242984109716
0.3684210526315789,15.789474157894736,1.5413609070356034,2.1076930332835553,1.9859687873421616,3.5599604071220834,1.607875297033991
0.3684210526315789,17.36842147368421,1.5587411066332595,2.1372334973814135,1.9833605638466614,3.5870642087446103,1.6057411022352819
0.3684210526315789,18.947368789473682,1.573607246694141,2.1646269590128613,1.981588858970997,3.610108418953865,1.6043430391603692
0.3684210526315789,20.526316105263156,1.5864664644847408,2.1896618823034086,1.9804202885436646,3.6299379867601598,1.603472235811228
0.3684210526315789,22.10526342105263,1.5976985279197815,2.2123944749042503,1.9796906863449646,3.6471794506716866,1.602982303669618
0.3684210526315789,23.684210736842104,1.6075933184076017,2.2329932538171433,1.9792829097083007,3.6623069564323045,1.6027691729986182
0.3684210526315789,25.263158052631578,1.616375863926703,2.251663964653859,1.9791122937561731,3.675685791625983,1.6027579192477093
0.3684210526315789,26.842105368421052,1.624223473283688,2.268614419816295,1.9791169472500438,3.687601851192957,1.6028939987208488
0.3684210526315789,28.421052684210526,1.6312777243305003,2.284039063602035,1.979251170491346,3.6982820489815036,1.6031373187822773
0.3684210526315789,30.0,1.6376530184563092,2.2981132010051097,1.9794809218602363,3.7079087538839617,1.603458163126125
0.3684210526315789,1e-06,0.9744326206284218,3.045757222389187,2.3952029735865463,3.0457570132489176,1.9826640379269176
0.3684210526315789,1.5789483157894735,0.9448760986211565,2.6980728360079875,2.2448416489714247,2.7005571833581534,1.8423170906234279
0.3684210526315789,3.1578956315789473,1.0997941896214873,2.4252744820928105,2.152345440651601,2.8370488960997977,1.7570395406190678
0.3684210526315789,4.73684294736842,1.2249164517222375,2.222025487070142,2.0939077259153507,3.0395311610846067,1.7037592677858644
0.3684210526315789,6.315790263157894,1.3140360496033068,2.0911084115828698,2.056138766252241,3.190036317265361,1.6696628464241499
0.3684210526315789,7.894737578947368,1.3788617937955365,2.026259521549359,2.031218645821105,3.2982411909117273,1.6473728724710974
0.3684210526315789,9.47368489473684,1.4276997579882675,2.0096514431349264,2.014477431184554,3.3784369681393884,1.6325372193694383
0.3684210526315789,11.052632210526314,1.4656806949558763,2.021315061446581,2.003065005412215,3.439910921673594,1.6225254299963907
0.3684210526315789,12.631579526315788,1.4960129379565805,2.0465542069241964,1.9952017620222957,3.4884205776628714,1.615707544288667
0.3684210526315789,14.210526842105262,1.520774452332208,2.076800102241682,1.989750646942047,3.5276305798831213,1.6110484556408693
0.42105263157894735,15.789474157894736,1.5078128381535247,2.106141494033113,1.984890035671157,3.5599179395616685,1.6069149394888487
0.42105263157894735,17.36842147368421,1.5279267682821354,2.135636225635622,1.982560532371462,3.5870173605557123,1.6050337627763207
0.42105263157894735,18.947368789473682,1.5451206323857753,2.1630223065575853,1.9810042642628898,3.610058813697759,1.6038310524231407
0.42105263157894735,20.526316105263156,1.5599843150518644,2.188073206881601,1.9800039941101615,3.629886738181147,1.6031127059623402
0.42105263157894735,22.10526342105263,1.572959703753278,2.2108356459722573,1.9794071092030434,3.6471273334974414,1.6027428812865823
0.42105263157894735,23.684210736842104,1.5843840753411158,2.231472172306799,1.9791048548377088,3.662254514940569,1.6026251536821225
0.42105263157894735,25.263158052631578,1.5945191723028465,2.2501847791879,1.9790187399503847,3.6756334104875514,1.6026902190064276
0.42105263157894735,26.842105368421052,1.6035711447059655,2.26717892111712,1.9790914760741052,3.687549802769547,1.60288772000283
0.42105263157894735,28.421052684210526,1.6117045186035226,2.2826475665458217,1.979280836236135,3.698230525542951,1.6031807204608717
0.42105263157894735,30.0,1.619052169122639,2.296765106693604,1.979555428155484,3.707857889942279,1.603541910808379
0.47368421052631576,15.789474157894736,1.4738832149220003,2.104603021470066,1.983885775012901,3.5598761740643594,1.6060229146883906
0.47368421052631576,17.36842147368421,1.496771401108097,2.1340502144729983,1.9818227829482107,3.5869711551093264,1.6043835555158479
0.47368421052631576,18.947368789473682,1.5163300741361243,2.161427383162836,1.980472263434168,3.610009796266808,1.6033673229185763
0.47368421052631576,20.526316105263156,1.5332310375467995,2.186492986726557,1.979632526070675,3.6298360275453407,1.6027943242209997
0.47368421052631576,22.10526342105263,1.5479783787398689,2.20928421724351,1.9791620677315505,3.647075709384314,1.6025388522743287
0.47368421052631576,23.684210736842104,1.560957173894088,2.229957614586116,1.9789601913827546,3.662202526301043,1.602511822661801
0.47368421052631576,25.263158052631578,1.5724663655944433,2.2487113850606946,1.978954332098471,3.675581446230554,1.6026493239162167
0.47368421052631576,26.842105368421052,1.5827414155406712,2.2657485970785447,1.979091616812397,3.6874981390396027,1.6029050133662126
0.47368421052631576,28.421052684210526,1.591970218374987,2.2812607208997164,1.9793331482130627,3.698179357957957,1.6032449802510091
0.47368421052631576,30.0,1.6003044850992325,2.295421216402976,1.9796500731040272,3.7078073559652918,1.603644220930018
0.42105263157894735,1e-06,1.1159196835625214,3.0457572142211107,2.3701525849512737,3.045757012591083,1.9590801734705763
0.42105263157894735,1.5789483157894735,0.9109899638003132,2.69819535443916,2.227105413261236,2.7007138894785765,1.8257839972035639
0.42105263157894735,3.1578956315789473,1.0163428359797515,2.425967731263215,2.139787785637009,2.8374262348454944,1.7454352535372355
0.42105263157894735,4.73684294736842,1.145734351675508,2.2230214822141923,2.084952231095106,3.0397684456665024,1.6955403499132797
0.42105263157894735,6.315790263157894,1.2455155733369658,2.0919103545158984,2.049682605695248,3.190161494686545,1.663769253629682
0.42105263157894735,7.894737578947368,1.3197833742114948,2.0264986679347463,2.026509966358185,3.2982985378786775,1.6430929933349172
0.42105263157894735,9.47368489473684,1.3761736953523023,2.0092576669085362,2.0110068601045072,3.378453348577994,1.629394529032363
0.42105263157894735,11.052632210526314,1.4201464080381492,2.020413623790596,2.0004854862145627,3.439901872943545,1.620197995560023
0.42105263157894735,12.631579526315788,1.4552890286951994,2.045312604066062,1.9932739526665488,3.488395353543666,1.6139747037800725
0.42105263157894735,14.210526842105262,1.48397457490626,2.075355842203899,1.9883069783813652,3.5275949032387754,1.6097563988484933
0.5263157894736842,15.789474157894736,1.4396198028669187,2.1030774936777754,1.982954920788785,3.559835100310039,1.6051982257802073
0.5263157894736842,17.36842147368421,1.4653067865752671,2.1324753696075653,1.9811463949553485,3.586925583673626,1.6037896394859308
0.5263157894736842,18.947368789473682,1.4872574389670077,2.1598421142363446,1.9799920764224057,3.609961359235165,1.602951141203788
0.5263157894736842,20.526316105263156,1.5062221091967036,2.1849211616194135,1.979305222556148,3.629785848500455,1.6025164905656843
0.5263157894736842,22.10526342105263,1.5227657753108106,2.2077401392554745,1.978954998579378,3.6470245728654356,1.6023697071330627
0.5263157894736842,23.684210736842104,1.5373209226438793,2.2284495394301964,1.9788484378666211,3.6621509857807553,1.6024287452544976
0.5263157894736842,25.263158052631578,1.5502237075792864,2.24724374748527,1.9789186567915629,3.6755298947338417,1.6026348612393384
0.5263157894736842,26.842105368421052,1.5617390836402698,2.2643234180337104,1.9791170127787352,3.687446856395105,1.6029455575328386
0.5263157894736842,28.421052684210526,1.5720785505711177,2.2798785011305323,1.9794077971703528,3.698128543051462,1.6033298198041999
0.5263157894736842,30.0,1.5814128977404711,2.294081507980902,1.9797645872869658,3.7077571491454178,1.6037648511252003
0.5789473684210527,1e-06,1.535092709507527,3.0457574065756314,2.2971388558362835,3.045757443372134,1.8905239302984802
0.5789473684210527,1.5789483157894735,1.1092277433127278,2.6985168554055914,2.176513839282386,2.701134467771839,1.778758007040843
0.5789473684210527,3.1578956315789473,0.9329704033896088,2.427987023160816,2.1045128703914586,2.8385362050653256,1.712922326395989
0.5789473684210527,4.73684294736842,0.9637205526709561,2.2259624840209056,2.060081362525915,3.0404759082983164,1.6727663676970832
0.5789473684210527,6.315790263157894,1.0565232623718683,2.0943208926511727,2.0319148911291975,3.1905392157071444,1.647582429439323
0.5789473684210527,7.894737578947368,1.1464769379783097,2.027280167942706,2.0136542134042714,3.2984750521796498,1.63143052830814
0.5789473684210527,9.47368489473684,1.22125097518434,2.0081754705315538,2.001604820420539,3.3785076153506806,1.6208978978321809
0.5789473684210527,11.052632210526314,1.2817588635535453,2.017816925084244,1.9935555247176115,3.439879856275294,1.6139595413455485
0.5789473684210527,12.631579526315788,1.3309242294415389,2.041689123978959,1.9881446902787483,3.4883245582495728,1.609376973376703
0.5789473684210527,14.210526842105262,1.3713642967933448,2.071112927479515,1.9845110830969293,3.5274924068885753,1.6063712536997703
0.5263157894736842,1e-06,1.4093741313288648,3.0457573800368496,2.321094522855917,3.045757240130722,1.912984302730689
0.5263157894736842,1.5789483157894735,1.0116431912458899,2.698416811358367,2.192924045360445,2.701001863087825,1.793988774105636
0.5263157894736842,3.1578956315789473,0.9261647275473299,2.427323478949066,2.1158635587797536,2.838169676017534,1.723370166106051
0.5263157894736842,4.73684294736842,1.0100027075013207,2.2249897097469873,2.068036724267724,3.040240786402006,1.680042415527739
0.5263157894736842,6.315790263157894,1.114533075777588,2.0935166673211265,2.0375710089934524,3.1904129537757626,1.652729770826668
0.5263157894736842,7.894737578947368,1.2026070173822179,2.0270092875498698,2.0177291451640214,3.2984154872025298,1.6351233385973913
0.5263157894736842,9.47368489473684,1.2724727965523341,2.0085200155873366,2.00457223655387,3.3784886909695877,1.6235765396047275
0.5263157894736842,11.052632210526314,1.3279333600007568,2.018664836395608,1.9957323845830293,3.439886356940956,1.6159166198942991
0.5263157894736842,12.631579526315788,1.3726009802663137,2.042880275989319,1.9897468897628758,3.4883473581203233,1.610810799713472
0.5263157894736842,14.210526842105262,1.409182484883088,2.0725124141687292,1.985688473456595,3.5275258288182627,1.6074189803318257
0.5789473684210527,15.789474157894736,1.4050855700188918,2.1015647914282587,1.9820963795286202,3.5597947082248185,1.6044398698458486
0.5789473684210527,17.36842147368421,1.433574547084798,2.130911598741349,1.9805304437299625,3.5868806377083575,1.6032511713661053
0.5789473684210527,18.947368789473682,1.457931209948807,2.15826642668823,1.979562921858893,3.609913495327777,1.6025817975166339
0.5789473684210527,20.526316105263156,1.478977601274257,2.183357672497708,1.9790214218995619,3.629736194814263,1.602278605730887
0.5789473684210527,22.10526342105263,1.4973363958284727,2.20620336344982,1.978785339393837,3.64697391857057,1.6022349376486287
0.5789473684210527,23.684210736842104,1.5134860290114163,2.2269479063309716,1.9787691141951265,3.662099888725305,1.6023754882834558
0.5789473684210527,25.263158052631578,1.5277992538149292,2.245781832249961,1.9789113021511062,3.675478751940756,1.6026464597931454
0.5789473684210527,26.842105368421052,1.5405703102307449,2.2629033547826176,1.9791673088316626,3.687395951281435,1.6030090327354427
0.5789473684210527,28.421052684210526,1.5520342966833962,2.278500882087758,1.9795044753430553,3.698078077692981,1.6034349621916335
0.5789473684210527,30.0,1.5623811661234779,2.2927459595915916,1.979898702677857,3.7077072667125472,1.603903560335932
0.631578947368421,1e-06,1.645777932186991,3.0457572123128727,2.2736057256395754,3.0457570097464735,1.868494475294811
0.631578947368421,1.5789483157894735,1.213452444439114,2.6986104512422884,2.160581323320301,2.701260296022634,1.7639931125017376
0.631578947368421,3.1578956315789473,0.9716922918264048,2.4286416586433197,2.093579819871341,2.8388995350049435,1.7028723179033494
0.631578947368421,4.73684294736842,0.9384562563417042,2.2269280384062946,2.052463384352707,3.0407103723380233,1.665806988336824
0.631578947368421,6.315790263157894,1.0074057877588904,2.0951257418831046,2.0265243149862235,3.190665820312497,1.6426819922708025
0.631578947368421,7.894737578947368,1.0938394509947034,2.027561052793105,2.0097874578544923,3.2985353204345462,1.6279301375472044
0.631578947368421,9.47368489473684,1.1713574355660081,2.007846683409383,1.9988015936381263,3.378527351279518,1.6183704626932474
0.631578947368421,11.052632210526314,1.236017930917525,2.0169863069002396,1.9915095135458363,3.4398741724622663,1.612122703866182
0.631578947368421,12.631579526315788,1.2892960512362435,2.040514370796289,1.9866480297354538,3.488302538576583,1.6080400162843536
0.631578947368421,14.210526842105262,1.3334267909379238,2.0697280526264574,1.9834198705039034,3.5274597128982763,1.6054025854384382
0.631578947368421,15.789474157894736,1.3703617337993368,2.1000647980865703,1.9813090498111379,3.559754987972643,1.6037468386617282
0.631578947368421,17.36842147368421,1.4016280149833693,2.1293588114987534,1.979974001218798,3.586836308858821,1.6027673060045857
0.631578947368421,18.947368789473682,1.428387675218549,2.156700248884949,1.9791840175201458,3.6098661974159914,1.6022585821342825
0.631578947368421,20.526316105263156,1.451522960705775,2.1818024614223788,1.978780462951082,3.629687060371338,1.6020800714557308
0.631578947368421,22.10526342105263,1.4717085515657886,2.204673842148333,1.9786525290424877,3.6469237412236524,1.6021340370665107
0.631578947368421,23.684210736842104,1.4894659666369807,2.22545267547932,1.9787217418143648,3.66204923055699,1.6023516202013546
0.631578947368421,25.263158052631578,1.5052031127054257,2.244325605704938,1.9789318579419533,3.67542801385768,1.6026837500379414
0.631578947368421,26.842105368421052,1.5192428092664243,2.2614883785818267,1.9792421514563994,3.687345420196236,1.6030951207810153
0.631578947368421,28.421052684210526,1.5318434326462993,2.277127838995587,1.979622876512978,3.6980279587957052,1.6035601319503228
0.631578947368421,30.0,1.5432139820893682,2.2914145497095544,1.9800521526869328,3.707657705933347,1.6040601088459545
0.6842105263157894,15.789474157894736,1.335551193401162,2.09857739951926,1.9805918232011512,3.5597159299472354,1.6031181194554924
0.6842105263157894,17.36842147368421,1.3695343478994548,2.127816919363508,1.979476136622196,3.5867925889500905,1.6023371969329379
0.6842105263157894,18.947368789473682,1.3986722740243764,2.1551435106049452,1.9788545807721722,3.6098194585133374,1.6019807857255732
0.6842105263157894,20.526316105263156,1.4238898931289095,2.1802554715459372,1.9785816853868858,3.629638439169921,1.6019202907273589
0.6842105263157894,22.10526342105263,1.4459049584753392,2.2031515285296424,1.97855600782984,3.6468740356404443,1.6020665002616812
0.6842105263157894,23.684210736842104,1.465277387626825,2.2239638077477593,1.978705843864293,3.6619990067729984,1.602356711210096
0.6842105263157894,25.263158052631578,1.4824477373219525,2.242875034749126,1.978979915682346,3.675377676552639,1.602746364162364
0.6842105263157894,26.842105368421052,1.4977660582678594,2.2600784611344356,1.9793411888443644,3.6872952596883213,1.6032035051122935
0.6842105263157894,28.421052684210526,1.5115132839912373,2.275759347445115,1.9797626960667352,3.697978183315631,1.603705055127784
0.6842105263157894,30.0,1.5239170863277587,2.2900872571134836,1.9802246722038686,3.7076084641105544,1.6042342583135292
0.6842105263157894,1e-06,1.743419853659399,3.045757429542838,2.2505296081606616,3.0457571476918317,1.8469289059380483
0.6842105263157894,1.5789483157894735,1.3150821816829523,2.6986980629606356,2.145144834747636,2.701379903102278,1.7497101379642879
0.6842105263157894,3.1578956315789473,1.0328384289258032,2.429287832535153,2.0830713745251965,2.839259846910101,1.693225602783924
0.6842105263157894,4.73684294736842,0.9365667106360546,2.2278866126948,2.045184109034285,3.0409442074661563,1.6591648478359469
0.6842105263157894,6.315790263157894,0.9703936287750791,2.0959311536369567,2.0213982467448344,3.190792759018843,1.6380271380717697
0.6842105263157894,7.894737578947368,1.0464934342872119,2.027851673652649,2.0061270618517217,3.2985962751875824,1.6246202993036172
0.6842105263157894,9.47368489473684,1.1237152099835437,2.007533344747765,1.9961606309076614,3.378547881625759,1.615992366671622
0.6842105263157894,11.052632210526314,1.1912012023078258,2.0161727194442505,1.9895925757456074,3.439869290105348,1.6104044317749837
0.6842105263157894,12.631579526315788,1.2479926677680138,2.0393558157348886,1.98525536042829,3.488281285815376,1.6067984904036803
0.6842105263157894,14.210526842105262,1.2955344447091626,2.068357639174044,1.9824135192570789,3.527427735535288,1.604511764597189
0.7368421052631579,1e-06,,,,,
0.7368421052631579,1.5789483157894735,1.4102576504458526,2.6987801244260043,2.1302227358181276,2.7014938059332434,1.7359249839627384
0.7368421052631579,3.1578956315789473,1.1063375466763552,2.42992596554398,2.072993967711614,2.839617310641912,1.6839871194916682
0.7368421052631579,4.73684294736842,0.9569039420794869,2.228838435441458,2.0382444106674975,3.04117744120575,1.6528401204624539
0.7368421052631579,6.315790263157894,0.9482051068196595,2.0967370702473973,2.0165353696941564,3.1909200236983684,1.6336163054304687
0.7368421052631579,7.894737578947368,1.0064557602342934,2.02815177216197,2.002671044598424,3.298657900342876,1.6214990116702854
0.7368421052631579,9.47368489473684,1.0794468523831515,2.007235154419932,1.9936799153843354,3.378569189861325,1.6137616690770482
0.7368421052631579,11.052632210526314,1.147920732486516,2.01537590710828,1.9878028861710508,3.43986519428629,1.6088030107083218
0.7368421052631579,12.631579526315788,1.2073606501155467,2.03821326279996,1.9839651082726835,3.4882607870501112,1.6056509379675103
0.7368421052631579,14.210526842105262,1.2578932906844136,2.067001540011076,1.9814906996171424,3.5273964637733437,1.6036975708274746
0.7368421052631579,15.789474157894736,1.3007822875348811,2.097102484006726,1.9799435851809826,3.559677524764424,1.6025526956560803
0.7368421052631579,17.36842147368421,1.3373768770459709,2.1262858356181003,1.97903591702976,3.5867494699814673,1.6019599968733278
0.7368421052631579,18.947368789473682,1.3688410995761922,2.153596142995879,1.9785738290068082,3.6097732717714552,1.6017476996966966
0.7368421052631579,20.526316105263156,1.3961173502898805,2.1787166470816883,1.9784244300113372,3.629590325318889,1.6017986680188714
0.7368421052631579,22.10526342105263,1.4199534028327598,2.2016363766066616,1.978495217708737,3.6468247967262255,1.602031823904175
0.7368421052631579,23.684210736842104,1.4409405822228127,2.2224812646736374,1.978720945328184,3.6619492129436506,1.6023903333773062
0.7368421052631579,25.263158052631578,1.4595482499246941,2.2414300868174855,1.9790550687506916,3.675327736153937,1.6028339361662358
0.7368421052631579,26.842105368421052,1.4761515320839007,2.258673574580333,1.9794640709702545,3.687245466356601,1.6033338708672846
0.7368421052631579,28.421052684210526,1.4910526973323648,2.2743953833867954,1.979923631051945,3.6979287482507113,1.6038694593252572
0.7368421052631579,30.0,1.504497396277313,2.2887640608803004,1.9804159976391023,3.7075595385822986,1.6044257718030632
0.7894736842105263,1e-06,1.9075330295503863,3.0457572107416016,2.2059016224668277,3.0457570074096423,1.8053336356054885
0.7894736842105263,1.5789483157894735,1.4978599349689221,2.698857041716723,2.115833216621577,2.701602486324247,1.7226532307504638
0.7894736842105263,3.1578956315789473,1.1845227773916749,2.4305564537980437,2.0633534233969577,2.8399720856546065,1.6751612234516933
0.7894736842105263,4.73684294736842,0.9953428474624552,2.229783724576393,2.031644699372957,3.041410099732705,1.646832571780547
0.7894736842105263,6.315790263157894,0.942315505766268,2.0975434374578223,2.0119340837449045,3.1910476066335947,1.6294476938489626
0.7894736842105263,7.894737578947368,0.9757360213490689,2.0284610995049155,1.9994172648620812,3.2987201804486324,1.6185641415072813
0.7894736842105263,9.47368489473684,1.039842542363279,2.0069518212135926,1.9913573423967286,3.3785912600303223,1.6116763593314265
0.7894736842105263,11.052632210526314,1.1069150276019069,2.0145956207890747,1.9861385727003908,3.4398618705439463,1.6073166900287572
0.7894736842105263,12.631579526315788,1.1678250461383692,2.037086520521635,1.9827756748061376,3.4882410297203497,1.60459588312694
0.7894736842105263,14.210526842105262,1.220756936111198,2.0656596112268812,1.9806500698910419,3.527365886861649,1.6029587754922632
0.7894736842105263,15.789474157894736,1.2662127449299079,2.0956399421592242,1.9793632160739258,3.559639763254766,1.602049547635871
0.7894736842105263,17.36842147368421,1.3052576473770616,2.1247654752855545,1.9786524080465737,3.5867069441211576,1.6016348582375037
0.7894736842105263,18.947368789473682,1.3389625472030766,2.1520580785334475,1.9783409800695575,3.609727630476183,1.60155861652976
0.7894736842105263,20.526316105263156,1.3682526198348914,2.1771859332740098,1.97830803905219,3.629542713034831,1.601714609521587
0.7894736842105263,22.10526342105263,1.3938874776689523,2.200128341204761,1.9784696024862851,3.6467760194735845,1.6020295066202688
0.7894736842105263,23.684210736842104,1.416479987434902,2.2210050084428423,1.9787665731778712,3.661899844710701,1.602452060749482
0.7894736842105263,25.263158052631578,1.4365228006461324,2.2399907298686665,1.9791569124891368,3.675278188848837,1.6029461019409001
0.7894736842105263,26.842105368421052,1.4544129607789045,2.257273691486695,1.9796104496666709,3.687196036849043,1.603485904936913
0.7894736842105263,28.421052684210526,1.4704722291196415,2.273035923123016,1.9801053802315025,3.697879650640035,1.6040530737394374
0.7894736842105263,30.0,1.484963146554454,2.2874449403793307,1.9806258669637087,3.707510926721443,1.6046344138156416
0.8421052631578947,1e-06,1.9772575728092217,3.045756323880638,2.1844335735367575,3.045757006591605,1.7853816688466781
0.8421052631578947,1.5789483157894735,1.577984708479367,2.698929195313258,2.101994089403205,2.7017063938515737,1.7099099606319133
0.8421052631578947,3.1578956315789473,1.2626007061401865,2.431179670539604,2.054154885042557,2.8403243217310727,1.6667516321890852
0.8421052631578947,4.73684294736842,1.0464467535393709,2.230722687977436,2.0253849059959754,3.0416422079462215,1.6411415490295258
0.8421052631578947,6.315790263157894,0.9524773792286699,2.0983502041423705,2.007592506638771,3.191175500485666,1.625519266157209
0.8421052631578947,7.894737578947368,0.9560050203783242,2.0287794158995656,1.9963634253791622,3.298783100660324,1.6158134286328767
0.8421052631578947,9.47368489473684,1.0062786883389265,2.00668306242464,1.989190723431371,3.37861407672084,1.6097343604437857
0.8421052631578947,11.052632210526314,1.0690397082269987,2.013831617616934,1.984597719171446,3.439859304854308,1.60594368529117
0.8421052631578947,12.631579526315788,1.1298938480232286,2.0359754017775242,1.9816854392102519,3.488222001607071,1.6036318336138002
0.8421052631578947,14.210526842105262,1.1844318089214803,2.0643317119931144,1.9798902777936394,3.5273359943150258,1.6022941427696518
0.8421052631578947,15.789474157894736,1.2320335912399158,2.09418966683642,1.9788495919576734,3.559602636456514,1.6016076534433714
0.8421052631578947,17.36842147368421,1.2733000679033146,2.1232557550734716,1.9783246744089162,3.5866650037011545,1.6013609336167536
0.8421052631578947,18.947368789473682,1.3091190795877816,2.1505292509816494,1.9781552526783839,3.6096825280437836,1.6014128301138721
0.8421052631578947,20.526316105263156,1.340352508292576,2.1756632763696224,1.97823185644856,3.6294955966392233,1.601667523371427
0.8421052631578947,22.10526342105263,1.367747387607416,2.1986273779406273,1.9784786080241612,3.646727698960275,1.6020590491491846
0.8421052631578947,23.684210736842104,1.3919247446149685,2.2195350018739695,1.9788422565147084,3.661850897785689,1.6025414694617537
0.8421052631578947,25.263158052631578,1.413392961030141,2.2385569323729944,1.9792850443038663,3.6752290308822744,1.6030824993469694
0.8421052631578947,26.842105368421052,1.4325666124591796,2.2558787848387545,1.9797799786962598,3.687146967861665,1.6036592960206775
0.8421052631578947,28.421052684210526,1.4497843523941634,2.271680943300934,1.9803076441360234,3.697830887563018,1.6042556292027637
0.8421052631578947,30.0,1.465324042516675,2.2861298752666577,1.9808540197478408,3.7074626259349337,1.604859950318418
0.894736842105263,1e-06,,,,,
0.894736842105263,1.5789483157894735,1.6511990320368755,2.6989969420678834,2.0887225766711914,2.7018059484402763,1.6977095781354328
0.894736842105263,3.1578956315789473,1.337968144602854,2.431795967676554,2.045402749771166,2.8406741596555536,1.6587613755991155
0.894736842105263,4.73684294736842,1.105065983667933,2.2316555240065714,2.0194644704298206,3.041873789535054,1.63576597452493
0.894736842105263,6.315790263157894,0.9768035826592819,2.0991573220531077,2.003508476813915,3.1913036982654654,1.6218287522179988
0.894736842105263,7.894737578947368,0.9482408712102527,2.029106490123208,1.9935070779171904,3.2988466467064357,1.6132444905023389
0.894736842105263,9.47368489473684,0.9800804366230121,2.006428603474602,1.9871777903540315,3.3786376250385035,1.6079335326513036
0.894736842105263,11.052632210526314,1.0352366043051464,2.01308366069899,1.983178368389456,3.4398574836116067,1.60468218075466
0.894736842105263,12.631579526315788,1.094155882612316,2.034879723623936,1.9806927603449247,3.488203690819385,1.6027572824069727
0.894736842105263,14.210526842105262,1.1492805836787328,2.063017704450896,1.9792099618019436,3.527306775904502,1.60170243074778
0.894736842105263,15.789474157894736,1.1984726372837586,2.092751553070234,1.9784015855656838,3.559566135608862,1.6012259895250134
0.894736842105263,17.36842147368421,1.2416515343082257,2.1217565933201863,1.9780517805884466,3.5866236412123222,1.601137376262086
0.894736842105263,18.947368789473682,1.279409057248366,2.1490095953544848,1.978015866832941,3.609637958017308,1.6013096360683765
0.894736842105263,20.526316105263156,1.3124845976773805,2.1741486235898284,1.978195228131392,3.6294489705557034,1.6016568198692627
0.894736842105263,22.10526342105263,1.3415808149649102,2.197133443201784,1.9785216824331928,3.646679830347142,1.6021199544951978
0.894736842105263,23.684210736842104,1.3673093036760064,2.2180712084030008,1.9789475267061858,3.661802367948339,1.6026581378442049
0.894736842105263,25.263158052631578,1.3901841519936877,2.23712866330082,1.979439063762154,3.67518025855561,1.6032427682895172
0.894736842105263,26.842105368421052,1.410631601275453,2.254488828030809,1.9799723138213963,3.6870982561375434,1.6038537346804271
0.894736842105263,28.421052684210526,1.4290036819770624,2.270330420905445,1.980530125114353,3.697782456138618,1.6044768582222164
0.894736842105263,30.0,1.4455914274031785,2.2848188454795566,1.9811001971977247,3.707414633663169,1.6051021487728998
0.9473684210526315,1e-06,2.098033567408658,3.0457572090602136,2.143417286890032,3.045757004917869,1.7473768860018368
0.9473684210526315,1.5789483157894735,1.718206797590031,2.6990606169814377,2.076035095953008,2.7019015426830277,1.6860656305563138
0.9473684210526315,3.1578956315789473,1.4094037132609052,2.432405677206497,2.037100608731146,2.8410217318299895,1.6511927520021863
0.9473684210526315,4.73684294736842,1.1671673615801232,2.232582422012929,2.013882333654151,3.0421048670399022,1.6307043421097023
0.9473684210526315,6.315790263157894,1.01235941364463,2.099964745589893,1.9996795578712578,3.1914321933072727,1.6183736538657267
0.9473684210526315,7.894737578947368,0.9524896318486455,2.029442099068631,1.9908456289450438,3.298910804856605,1.6108548273325158
0.9473684210526315,9.47368489473684,0.9623415076986499,2.0061881775502015,1.9853161998387006,3.378661890581605,1.6062716772034402
0.9473684210526315,11.052632210526314,1.006475700622075,2.012351518876016,1.9818785251921505,3.4398563936104773,1.6035303319287177
0.9473684210526315,12.631579526315788,1.061268675226333,2.0337993071352836,1.9797959787872648,3.48818608578191,1.60197070939699
0.9473684210526315,14.210526842105262,1.1157223681968962,2.0617174536029697,1.9786077524981802,3.52727822164833,1.60118239250827
0.9473684210526315,15.789474157894736,1.1657970026841973,2.091325497990886,1.9780180671746637,3.5595302521454744,1.600903531434707
0.9473684210526315,17.36842147368421,1.2104858126854448,2.120267909943005,1.977832791383965,3.586582849299676,1.6009633405540116
0.9473684210526315,18.947368789473682,1.2499485506877184,2.1474990478790144,1.9779220442137755,3.609593914063092,1.6012483320578903
0.9473684210526315,20.526316105263156,1.2847285419541346,2.172641923103663,1.9781975022962077,3.62940282930743,1.6016819116950436
0.9473684210526315,22.10526342105263,1.315443833387017,2.1956464941267484,1.9785982762621033,3.646632408876107,1.6022117280751313
0.9473684210526315,23.684210736842104,1.3426740684848677,2.2166135920683803,1.9790819175181797,3.661754251045005,1.6028016465247419
0.9473684210526315,25.263158052631578,1.366926104190994,2.2357058921111452,1.9796185726860989,3.6751318682254173,1.6034265507906802
0.9473684210526315,26.842105368421052,1.388630220018851,2.25310379485746,1.9801871128713686,3.6870498984658657,1.6040689133921437
0.9473684210526315,28.421052684210526,1.4081472180875705,2.268984333252342,1.9807725273822454,3.6977343535245764,1.6047164950166706
0.9473684210526315,30.0,1.425778463257956,2.2835118312311207,1.9813641421912231,3.707366947379388,1.6053607781621038
1.0,1e-06,2.150824182210407,3.045757208476718,2.1239658322542847,3.0457570040545634,1.7294108665911807
1.0,1.5789483157894735,1.7797071403620262,2.6991205348100737,2.0639470445435197,2.7019935439289426,1.6749906316992915
1.0,3.1578956315789473,1.4764736759944557,2.433009112525857,2.0292511945206364,2.841367162839628,1.6440472905655303
1.0,4.73684294736842,1.229965131885279,2.2335035628047195,2.008636933537386,3.0423354619121867,1.6259547166494646
1.0,6.315790263157894,1.0559154267360136,2.100772431590739,1.9961030445722017,3.1915609792447133,1.6151512510124428
1.0,7.894737578947368,0.9678530601212955,2.0297860273293047,1.9883763458585404,3.298975561891928,1.6086418276284749
1.0,9.47368489473684,0.9537410957613947,2.005961525263523,1.9836035379750612,3.3786868594177437,1.604746540266357
1.0,11.052632210526314,0.9836697793625525,2.0116349664919686,1.9806961595573394,3.4398560220290655,1.6024862681425163
1.0,12.631579526315788,1.0319330186752722,2.0327339772512505,1.9789934188679439,3.4881691752227537,1.601270583043521
1.0,14.210526842105262,1.084227926829751,2.0604308272106264,1.9780822738981636,3.5272503218034097,1.6007327771956272
1.0,15.789474157894736,1.1343139413695387,2.0899114007559323,1.977697905476396,3.559494977688294,1.6006392545298869
1.0,17.36842147368421,1.1800048839128285,2.1187896263883848,1.9776667724998842,3.5865426207578297,1.6008379824613084
1.0,18.947368789473682,1.2208730100202798,2.1459975459596965,1.9778730085711285,3.609550389967382,1.6012282180989046
1.0,20.526316105263156,1.25717735096754,2.1711431240019152,1.9782380296679483,3.629357167514543,1.601742214115598
1.0,22.10526342105263,1.2894018465025205,2.1941664885857968,1.9787078426803215,3.6465854298682263,1.6023338778611202
1.0,23.684210736842104,1.3180660736755543,2.2151621174965856,1.979244965242751,3.6617065429871696,1.6029715785284628
1.0,25.263158052631578,1.3436533466037566,2.2342885887406245,1.9798231752430668,3.6750838563023014,1.6036334910596555
1.0,26.842105368421052,1.366588295607143,2.2517236595050942,1.980424035807098,3.687001891680988,1.6043045265958227
1.0,28.421052684210526,1.3872346077862214,2.267642657981656,1.981034557069126,3.6976865769166625,1.6049742755527663
1.0,30.0,1.4059003255109348,2.282208813004956,1.9816455993119806,3.7073195645890697,1.6056356090166342
0.47368421052631576,1e-06,1.2680071879602095,3.045757213775477,2.345441674837654,3.0457570119110473,1.9358454837881605
0.47368421052631576,1.5789483157894735,0.9379894173301957,2.69830982205487,2.2097938161078177,2.7008618847461974,1.8096693865194446
0.47368421052631576,3.1578956315789473,0.9553030661376891,2.4266505504105633,2.127624462612284,2.837799754690947,1.7342099142512735
0.47368421052631576,4.73684294736842,1.072499116692062,2.224009463902299,2.0763277272055594,3.0400049762024177,1.687634180772442
0.47368421052631576,6.315790263157894,1.1783765642740647,2.0927131313245084,2.0434934217166223,3.1902870435748323,1.6581250978176074
0.47368421052631576,7.894737578947368,1.2607544806986222,2.026748690737958,2.022013902709086,3.2983566430093028,1.639010297431657
0.47368421052631576,9.47368489473684,1.3242970378673626,2.008880637855339,2.007705672365275,3.3784705959009202,1.6264081792786558
0.47368421052631576,11.052632210526314,1.3741592087950132,2.019530310328101,1.9980418158956825,3.4398936903564725,1.6179955741721719
0.47368421052631576,12.631579526315788,1.414110780756809,2.0440880324418704,1.9914561475388421,3.488370951860468,1.6123429119561141
0.47368421052631576,14.210526842105262,1.4467523411905256,2.0739266665836618,1.9869533433199946,3.5275599902960737,1.6085469657751534
