B,sigma,Obj_mass,Obj_concentration,Obj_retentate_concentration,Obj_permeate_conductivity,Obj_retentate_conductivity
1.5789483157894735,0.5263157894736842,1.0116431912458899,2.698416811358367,3.840741527249082,2.701001863087825,1.793988774105636
1.5789483157894735,0.5789473684210527,1.1092277433127278,2.6985168554055914,3.8243313211710244,2.701134467771839,1.778758007040843
1.5789483157894735,0.631578947368421,1.213452444439114,2.6986104512422884,3.8083988052089386,2.701260296022634,1.7639931125017376
1.5789483157894735,0.6842105263157894,1.3150821816829523,2.6986980629606356,3.7929623166362743,2.701379903102278,1.7497101379642879
1.5789483157894735,0.7368421052631579,1.4102576504458526,2.6987801244260043,3.778040217706766,2.7014938059332434,1.7359249839627384
1.5789483157894735,0.7894736842105263,1.4978599349689221,2.698857041716723,3.7636506985102143,2.701602486324247,1.7226532307504638
1.5789483157894735,0.8421052631578947,1.577984708479367,2.698929195313258,3.7498115712918434,2.7017063938515737,1.7099099606319133
1.5789483157894735,0.894736842105263,1.6511990320368755,2.6989969420678834,3.736540058559829,2.7018059484402763,1.6977095781354328
1.5789483157894735,0.9473684210526315,1.718206797590031,2.6990606169814377,3.7238525778416447,2.7019015426830277,1.6860656305563138
1.5789483157894735,1.0,1.7797071403620262,2.6991205348100737,3.7117645264321575,2.7019935439289426,1.6749906316992915
1.5789483157894735,0.0,1.7636354941472392,2.6969313501670222,4.027439108449438,2.699144606357799,1.968594538122684
1.5789483157894735,0.05263157894736842,1.653552821871072,2.6971305318039245,4.007136473490607,2.6993872870603877,1.94951082387084
1.5789483157894735,0.10526315789473684,1.5360624620475383,2.6973161478002585,3.9871649076710205,2.69961443079045,1.930757201732078
1.5789483157894735,0.15789473684210525,1.4113363899194171,2.6974891912018895,3.967534098401582,2.699827284159055,1.9123433256768838
1.5789483157894735,0.21052631578947367,1.2811671141586651,2.69765057397419,3.948255135992241,2.7000269855699734,1.8942800181437949
1.5789483157894735,0.2631578947368421,1.1508536870470183,2.6978011356708147,3.929340412776927,2.700214577419007,1.8765791680529373
1.5789483157894735,0.3157894736842105,1.032121012268262,2.697941650933036,3.910803518690771,2.70039101656415,1.8592536254036351
1.5789483157894735,0.3684210526315789,0.9448760986211565,2.6980728360079875,3.8926591308600615,2.7005571833581534,1.8423170906234279
1.5789483157894735,0.42105263157894735,0.9109899638003132,2.69819535443916,3.874922895149874,2.7007138894785765,1.8257839972035639
1.5789483157894735,0.47368421052631576,0.9379894173301957,2.69830982205487,3.857611297996456,2.7008618847461974,1.8096693865194446
3.1578956315789473,0.0,1.763635494147238,2.4200760390980327,3.898405887210156,2.834278502136158,1.8482863294592589
3.1578956315789473,0.05263157894736842,1.6781581747044998,2.4208608311294317,3.8833213133933713,2.834690216340858,1.8342279044844585
3.1578956315789473,0.10526315789473684,1.588424451260868,2.4216302222374506,3.868573286133578,2.8350960551391053,1.8204987647916702
3.1578956315789473,0.15789473684210525,1.4944327547586636,2.4223850780350786,3.854169617744726,2.8354963795442725,1.8071058431661895
3.1578956315789473,0.21052631578947367,1.396599964533593,2.4231262046682724,3.840118400103746,2.835891524758788,1.7940562447532056
3.1578956315789473,0.2631578947368421,1.2961294009203939,2.423854353900353,3.8264279270353274,2.8362818024448955,1.7813571765496117
3.1578956315789473,0.3157894736842105,1.1956040035668662,2.424570227655813,3.8131066150557626,2.8366675027472086,1.7690158762550037
3.1578956315789473,0.3684210526315789,1.0997941896214873,2.4252744820928105,3.8001629225402374,2.8370488960997977,1.7570395406190678
3.1578956315789473,0.42105263157894735,1.0163428359797515,2.425967731263215,3.787605267525646,2.8374262348454944,1.7454352535372355
3.1578956315789473,0.47368421052631576,0.9553030661376891,2.4266505504105633,3.775441944500922,2.837799754690947,1.7342099142512735
3.1578956315789473,0.5263157894736842,0.9261647275473299,2.427323478949066,3.763681040668392,2.838169676017534,1.723370166106051
3.1578956315789473,0.5789473684210527,0.9329704033896088,2.427987023160816,3.7523303522800964,2.8385362050653256,1.712922326395989
3.1578956315789473,0.631578947368421,0.9716922918264048,2.4286416586433197,3.741397301759979,2.8388995350049435,1.7028723179033494
3.1578956315789473,0.6842105263157894,1.0328384289258032,2.429287832535153,3.7308888564138343,2.839259846910101,1.693225602783924
3.1578956315789473,0.7368421052631579,1.1063375466763552,2.42992596554398,3.720811449600252,2.839617310641912,1.6839871194916682
3.1578956315789473,0.7894736842105263,1.1845227773916749,2.4305564537980437,3.711170905285595,2.8399720856546065,1.6751612234516933
3.1578956315789473,0.8421052631578947,1.2626007061401865,2.431179670539604,3.7019723669311952,2.8403243217310727,1.6667516321890852
3.1578956315789473,0.894736842105263,1.337968144602854,2.431795967676554,3.6932202316598044,2.8406741596555536,1.6587613755991155
3.1578956315789473,0.9473684210526315,1.4094037132609052,2.432405677206497,3.6849180906197843,2.8410217318299895,1.6511927520021863
3.1578956315789473,1.0,1.4764736759944557,2.433009112525857,3.677068676409274,2.841367162839628,1.6440472905655303
1e-06,0.5263157894736842,1.4093741313288648,3.0457573800368496,3.9689120047445554,3.045757240130722,1.912984302730689
1e-06,0.5789473684210527,1.535092709507527,3.0457574065756314,3.9449563377249213,3.045757443372134,1.8905239302984802
1e-06,0.631578947368421,1.645777932186991,3.0457572123128727,3.9214232075282127,3.0457570097464735,1.868494475294811
1e-06,0.6842105263157894,1.743419853659399,3.045757429542838,3.898347090049299,3.0457571476918317,1.8469289059380483
1e-06,0.7368421052631579,,,,,
1e-06,0.7894736842105263,1.9075330295503863,3.0457572107416016,3.8537191043554655,3.0457570074096423,1.8053336356054885
1e-06,0.8421052631578947,1.9772575728092217,3.045756323880638,3.832251055425395,3.045757006591605,1.7853816688466781
1e-06,0.894736842105263,,,,,
1e-06,0.9473684210526315,2.098033567408658,3.0457572090602136,3.7912347687786707,3.045757004917869,1.7473768860018368
1e-06,1.0,2.150824182210407,3.045757208476718,3.7717833141429224,3.0457570040545634,1.7294108665911807
4.73684294736842,0.0,1.7636354941472387,2.2148026234151095,3.813408118887207,3.037845824587058,1.7698496091253646
4.73684294736842,0.05263157894736842,1.6938644405741041,2.215863791090667,3.8022300390375885,3.0380894940506504,1.7595110768844324
4.73684294736842,0.10526315789473684,1.621353700714826,2.2169145529359495,3.791357870570044,3.0383321176360303,1.749466356674395
4.73684294736842,0.15789473684210525,1.5460841198603128,2.217955306113816,3.7807957382752484,3.038573743863386,1.739718730290958
4.73684294736842,0.21052631578947367,1.4681876967720862,2.2189864273916458,3.7705476524479096,3.0388144187554706,1.7302713416265325
4.73684294736842,0.2631578947368421,1.3880520846811464,2.220008274385585,3.760617467972842,3.0390541859785167,1.7211271626723612
4.73684294736842,0.3157894736842105,1.3064799686757056,2.2210211867143235,3.751008844480749,3.0392930869744,1.7122889608407241
4.73684294736842,0.3684210526315789,1.2249164517222375,2.222025487070142,3.7417252078039884,3.0395311610846067,1.7037592677858644
4.73684294736842,0.42105263157894735,1.145734351675508,2.2230214822141923,3.7327697129837434,3.0397684456665024,1.6955403499132797
4.73684294736842,0.47368421052631576,1.072499116692062,2.224009463902299,3.7241452090941967,3.0400049762024177,1.687634180772442
4.73684294736842,0.5263157894736842,1.0100027075013207,2.2249897097469873,3.7158542061563615,3.040240786402006,1.680042415527739
4.73684294736842,0.5789473684210527,0.9637205526709561,2.2259624840209056,3.7078988444145526,3.0404759082983164,1.6727663676970832
4.73684294736842,0.631578947368421,0.9384562563417042,2.2269280384062946,3.7002808662413447,3.0407103723380233,1.665806988336824
4.73684294736842,0.6842105263157894,0.9365667106360546,2.2278866126948,3.693001590922923,3.0409442074661563,1.6591648478359469
4.73684294736842,0.7368421052631579,0.9569039420794869,2.228838435441458,3.686061892556135,3.04117744120575,1.6528401204624539
4.73684294736842,0.7894736842105263,0.9953428474624552,2.229783724576393,3.679462181261594,3.041410099732705,1.646832571780547
4.73684294736842,0.8421052631578947,1.0464467535393709,2.230722687977436,3.6732023878846123,3.0416422079462215,1.6411415490295258
4.73684294736842,0.894736842105263,1.105065983667933,2.2316555240065714,3.667281952318458,3.041873789535054,1.63576597452493
4.73684294736842,0.9473684210526315,1.1671673615801232,2.232582422012929,3.661699815542789,3.0421048670399022,1.6307043421097023
4.73684294736842,1.0,1.229965131885279,2.2335035628047195,3.656454415426023,3.0423354619121867,1.6259547166494646
6.315790263157894,0.0,1.7636354941472387,2.0855256816460015,3.756589200313297,3.1891714760424805,1.7179066909610465
6.315790263157894,0.05263157894736842,1.7047346152995781,2.086319181744792,3.7482792658712913,3.189293708482602,1.7102684542422584
6.315790263157894,0.10526315789473684,1.6439306621389271,2.0871142187268608,3.740230978608874,3.1894164045893425,1.70287788502392
6.315790263157894,0.15789473684210525,1.5812066594694156,2.087910668261953,3.7324457344331194,3.1895395484065996,1.6957358165558558
6.315790263157894,0.21052631578947367,1.5166126715249695,2.088708415259259,3.724924742924699,3.1896631250513083,1.6888429074039313
6.315790263157894,0.2631578947368421,1.4503037261069125,2.089507353023888,3.7176690108306665,3.189787120617363,1.6821996289005425
6.315790263157894,0.3157894736842105,1.3825945748719932,2.0903073824988376,3.7106793268996054,3.1899115220894165,1.6758062538338616
6.315790263157894,0.3684210526315789,1.3140360496033068,2.0911084115828698,3.7039562481408783,3.190036317265361,1.6696628464241499
6.315790263157894,0.42105263157894735,1.2455155733369658,2.0919103545158984,3.6975000875838853,3.190161494686545,1.663769253629682
6.315790263157894,0.47368421052631576,1.1783765642740647,2.0927131313245084,3.6913109036052596,3.1902870435748323,1.6581250978176074
6.315790263157894,0.5263157894736842,1.114533075777588,2.0935166673211265,3.6853884908820906,3.1904129537757626,1.652729770826668
6.315790263157894,0.5789473684210527,1.0565232623718683,2.0943208926511727,3.679732373017836,3.1905392157071444,1.647582429439323
6.315790263157894,0.631578947368421,1.0074057877588904,2.0951257418831046,3.6743417968748617,3.190665820312497,1.6426819922708025
6.315790263157894,0.6842105263157894,0.9703936287750791,2.0959311536369567,3.669215728633472,3.190792759018843,1.6380271380717697
6.315790263157894,0.7368421052631579,0.9482051068196595,2.0967370702473973,3.6643528515827946,3.1909200236983684,1.6336163054304687
6.315790263157894,0.7894736842105263,0.942315505766268,2.0975434374578223,3.6597515656335413,3.1910476066335947,1.6294476938489626
6.315790263157894,0.8421052631578947,0.9524773792286699,2.0983502041423705,3.655409988527409,3.191175500485666,1.625519266157209
6.315790263157894,0.894736842105263,0.9768035826592819,2.0991573220531077,3.6513259587025524,3.1913036982654654,1.6218287522179988
6.315790263157894,0.9473684210526315,1.01235941364463,2.099964745589893,3.6474970397598954,3.1914321933072727,1.6183736538657267
6.315790263157894,1.0,1.0559154267360136,2.100772431590739,3.643920526460839,3.1915609792447133,1.6151512510124428
7.894737578947368,0.0,1.7636354941472383,2.0249183195922686,3.7180244838797067,3.2978627949854507,1.68294450248883
7.894737578947368,0.05263157894736842,1.7126939350398025,2.0250716887242333,3.711805038933777,3.2979142183774286,1.677255884199722
7.894737578947368,0.10526315789473684,1.6603566555227671,2.025238455658615,3.705802668628897,3.2979665618070606,1.6717705730037886
7.894737578947368,0.15789473684210525,1.6066107064257487,2.025418210146776,3.7000172224720247,3.2980197986274358,1.6664881136393246
7.894737578947368,0.21052631578947367,1.5514772441414026,2.02561056041475,3.6944483943440343,3.298073903501207,1.6614079149420828
7.894737578947368,0.2631578947368421,1.4950278079517394,2.025815132003898,3.6890957176866297,3.2981288523124515,1.6565292467305375
7.894737578947368,0.3157894736842105,1.4374067894071187,2.0260315667009503,3.683958561578909,3.2981846220857376,1.651851237435689
7.894737578947368,0.3684210526315789,1.3788617937955365,2.026259521549359,3.6790361277097423,3.2982411909117273,1.6473728724710974
7.894737578947368,0.42105263157894735,1.3197833742114948,2.0264986679347463,3.6743274482468227,3.2982985378786775,1.6430929933349172
7.894737578947368,0.47368421052631576,1.2607544806986222,2.026748690737958,3.6698313845977233,3.2983566430093028,1.639010297431657
7.894737578947368,0.5263157894736842,1.2026070173822179,2.0270092875498698,3.6655466270526587,3.2984154872025298,1.6351233385973913
7.894737578947368,0.5789473684210527,1.1464769379783097,2.027280167942706,3.661471695292909,3.2984750521796498,1.63143052830814
7.894737578947368,0.631578947368421,1.0938394509947034,2.027561052793105,3.65760493974313,3.2985353204345462,1.6279301375472044
7.894737578947368,0.6842105263157894,1.0464934342872119,2.027851673652649,3.653944543740359,3.2985962751875824,1.6246202993036172
7.894737578947368,0.7368421052631579,1.0064557602342934,2.02815177216197,3.6504885264870612,3.298657900342876,1.6214990116702854
7.894737578947368,0.7894736842105263,0.9757360213490689,2.0284610995049155,3.6472347467507187,3.2987201804486324,1.6185641415072813
7.894737578947368,0.8421052631578947,0.9560050203783242,2.0287794158995656,3.6441809072677995,3.298783100660324,1.6158134286328767
7.894737578947368,0.894736842105263,0.9482408712102527,2.029106490123208,3.641324559805828,3.2988466467064357,1.6132444905023389
7.894737578947368,0.9473684210526315,0.9524896318486455,2.029442099068631,3.638663110833681,3.298910804856605,1.6108548273325158
7.894737578947368,1.0,0.9678530601212955,2.0297860273293047,3.6361938277471784,3.298975561891928,1.6086418276284749
9.47368489473684,0.0,1.763635494147238,2.0129079359027453,3.6914465923515007,3.378348353062713,1.6590324749279481
9.47368489473684,0.05263157894736842,1.7187688047392098,2.01238636357508,3.686753526695282,3.3783580611989334,1.654757013427962
9.47368489473684,0.10526315789473684,1.6728361635093443,2.011884275653668,3.6822382923556742,3.378368793613863,1.6506468648332888
9.47368489473684,0.15789473684210525,1.6258279090876122,2.01140123820162,3.677900007217837,3.3783805249600625,1.646701017151074
9.47368489473684,0.21052631578947367,1.5777535141430892,2.0109368328764847,3.6737376805574558,3.3783932309375726,1.6429183673992838
9.47368489473684,0.2631578947368421,1.528649470264161,2.010490656101573,3.6697502127870005,3.378406888233887,1.6392977218763305
9.47368489473684,0.3157894736842105,1.478589785176034,2.0100623182925483,3.6659363956818245,3.378421474468172,1.6358377968096516
9.47368489473684,0.3684210526315789,1.4276997579882675,2.0096514431349264,3.6622949130731905,3.3784369681393884,1.6325372193694383
9.47368489473684,0.42105263157894735,1.3761736953523023,2.0092576669085362,3.658824341993145,3.378453348577994,1.629394529032363
9.47368489473684,0.47368421052631576,1.3242970378673626,2.008880637855339,3.6555231542539124,3.3784705959009202,1.6264081792786558
9.47368489473684,0.5263157894736842,1.2724727965523341,2.0085200155873366,3.652389718442507,3.3784886909695877,1.6235765396047275
9.47368489473684,0.5789473684210527,1.22125097518434,2.0081754705315538,3.6494223023091776,3.3785076153506806,1.6208978978321809
9.47368489473684,0.631578947368421,1.1713574355660081,2.007846683409383,3.646619075526764,3.378527351279518,1.6183704626932474
9.47368489473684,0.6842105263157894,1.1237152099835437,2.007533344747765,3.6439781127962996,3.378547881625759,1.615992366671622
9.47368489473684,0.7368421052631579,1.0794468523831515,2.007235154419932,3.641497397272973,3.378569189861325,1.6137616690770482
9.47368489473684,0.7894736842105263,1.039842542363279,2.0069518212135926,3.6391748242853676,3.3785912600303223,1.6116763593314265
9.47368489473684,0.8421052631578947,1.0062786883389265,2.00668306242464,3.6370082053200083,3.37861407672084,1.6097343604437857
9.47368489473684,0.894736842105263,0.9800804366230121,2.006428603474602,3.634995272242668,3.3786376250385035,1.6079335326513036
9.47368489473684,0.9473684210526315,0.9623415076986499,2.0061881775502015,3.633133681727338,3.378661890581605,1.6062716772034402
9.47368489473684,1.0,0.9537410957613947,2.005961525263523,3.6314210198636987,3.3786868594177437,1.604746540266357
11.052632210526314,0.0,1.7636354941472379,2.028158319328044,3.672865004218125,3.4400000690330153,1.6424372606048045
11.052632210526314,0.05263157894736842,1.7235552496003832,2.027121309041717,3.6692947594079706,3.439984429844552,1.63919566535459
11.052632210526314,0.10526315789473684,1.6826350092355413,2.0261046658610584,3.6658698431975063,3.439969793471955,1.6360884759642493
11.052632210526314,0.15789473684210525,1.6408675123088137,2.0251080394444156,3.6625891048668224,3.439956138241327,1.6331145147242874
11.052632210526314,0.21052631578947367,1.598257047606875,2.0241310902350054,3.6594513235749466,3.43994344325639,1.630272546986282
11.052632210526314,0.2631578947368421,1.554823637080967,2.0231734889455644,3.6564552095013516,3.4399316883594087,1.6275612823321943
11.052632210526314,0.3157894736842105,1.5106084444082672,2.022234916073813,3.653599405221069,3.439920854094564,1.6249793759202444
11.052632210526314,0.3684210526315789,1.4656806949558763,2.021315061446581,3.6508824873008523,3.439910921673594,1.6225254299963907
11.052632210526314,0.42105263157894735,1.4201464080381492,2.020413623790596,3.6483029681032,3.439901872943545,1.620197995560023
11.052632210526314,0.47368421052631576,1.3741592087950132,2.019530310328101,3.64585929778432,3.4398936903564725,1.6179955741721719
11.052632210526314,0.5263157894736842,1.3279333600007568,2.018664836395608,3.6435498664716675,3.439886356940956,1.6159166198942991
11.052632210526314,0.5789473684210527,1.2817588635535453,2.017816925084244,3.6413730066062486,3.439879856275294,1.6139595413455485
11.052632210526314,0.631578947368421,1.236017930917525,2.0169863069002396,3.6393269954344736,3.4398741724622663,1.612122703866182
11.052632210526314,0.6842105263157894,1.1912012023078258,2.0161727194442505,3.637410057634245,3.439869290105348,1.6104044317749837
11.052632210526314,0.7368421052631579,1.147920732486516,2.01537590710828,3.635620368059689,3.43986519428629,1.6088030107083218
11.052632210526314,0.7894736842105263,1.1069150276019069,2.0145956207890747,3.633956054589028,3.4398618705439463,1.6073166900287572
11.052632210526314,0.8421052631578947,1.0690397082269987,2.013831617616934,3.6324152010600823,3.439859304854308,1.60594368529117
11.052632210526314,0.894736842105263,1.0352366043051464,2.01308366069899,3.6309958502780932,3.4398574836116067,1.60468218075466
11.052632210526314,0.9473684210526315,1.006475700622075,2.012351518876016,3.629696007080787,3.4398563936104773,1.6035303319287177
11.052632210526314,1.0,0.9836697793625525,2.0116349664919686,3.6285136414459767,3.4398560220290655,1.6024862681425163
12.631579526315788,0.0,1.763635494147238,2.0557416827792125,3.659708828900746,3.4886214890882887,1.630775940748321
12.631579526315788,0.05263157894736842,1.7274225844488562,2.0543743120181084,3.656973269483133,3.4885900627901427,1.6282998022525919
12.631579526315788,0.10526315789473684,1.6905310526829407,2.053025655223206,3.6543568657652328,3.4885595737893667,1.6259334840388837
12.631579526315788,0.15789473684210525,1.6529553583950156,2.0516954518103785,3.6518584335457778,3.488530004084602,1.6236758295953087
12.631579526315788,0.21052631578947367,1.6146973396104674,2.050383448429531,3.649476745181721,3.488501336245679,1.6215256481067137
12.631579526315788,0.2631578947368421,1.5757685957182548,2.0490893986463097,3.647210530922207,3.4884735533880344,1.61948171564933
12.631579526315788,0.3157894736842105,1.5361934946079037,2.0478130626411053,3.6450584803484523,3.488446639148571,1.6175427764622405
12.631579526315788,0.3684210526315789,1.4960129379565805,2.0465542069241964,3.6430192439109326,3.4884205776628714,1.615707544288667
12.631579526315788,0.42105263157894735,1.4552890286951994,2.045312604066062,3.641091434555187,3.488395353543666,1.6139747037800725
12.631579526315788,0.47368421052631576,1.414110780756809,2.0440880324418704,3.63927362942748,3.488370951860468,1.6123429119561141
12.631579526315788,0.5263157894736842,1.3726009802663137,2.042880275989319,3.637564371651514,3.4883473581203233,1.610810799713472
12.631579526315788,0.5789473684210527,1.3309242294415389,2.041689123978959,3.6359621721673854,3.4883245582495728,1.609376973376703
12.631579526315788,0.631578947368421,1.2892960512362435,2.040514370796289,3.6344655116240916,3.488302538576583,1.6080400162843536
12.631579526315788,0.6842105263157894,1.2479926677680138,2.0393558157348886,3.6330728423169285,3.488281285815376,1.6067984904036803
12.631579526315788,0.7368421052631579,1.2073606501155467,2.03821326279996,3.631782590161321,3.4882607870501112,1.6056509379675103
12.631579526315788,0.7894736842105263,1.1678250461383692,2.037086520521635,3.6305931566947756,3.4882410297203497,1.60459588312694
12.631579526315788,0.8421052631578947,1.1298938480232286,2.0359754017775242,3.6295029210988896,3.488222001607071,1.6036318336138002
12.631579526315788,0.894736842105263,1.094155882612316,2.034879723623936,3.628510242233562,3.488203690819385,1.6027572824069727
12.631579526315788,0.9473684210526315,1.061268675226333,2.0337993071352836,3.6276134606759034,3.48818608578191,1.60197070939699
12.631579526315788,1.0,1.0319330186752722,2.0327339772512505,3.6268109007565807,3.4881691752227537,1.601270583043521
14.210526842105262,0.0,1.763635494147239,2.0873466845871174,3.6502970246829594,3.5279028012337195,1.6225019333605963
14.210526842105262,0.05263157894736842,1.7306116245445093,2.0857919727538015,3.6481893449457754,3.5278614063632703,1.6205998769237275
14.210526842105262,0.10526315789473684,1.6970282928066776,2.084253591899591,3.646179980600126,3.527820870951986,1.6187882297979304
14.210526842105262,0.15789473684210525,1.6628811992757335,2.0827313500459756,3.6442678210960797,3.5277811801328016,1.6170659349420464
14.210526842105262,0.21052631578947367,1.628170976426529,2.08122506016688,3.642451729710421,3.527742319461503,1.6154319152438639
14.210526842105262,0.2631578947368421,1.5929046252932486,2.0797345399872347,3.6407305446939664,3.527704274899655,1.6138850744974524
14.210526842105262,0.3157894736842105,1.5570972921158546,2.0782596117915197,3.639103080463158,3.527667032798406,1.6124242984109716
14.210526842105262,0.3684210526315789,1.520774452332208,2.076800102241682,3.637568128830685,3.5276305798831213,1.6110484556408693
14.210526842105262,0.42105263157894735,1.48397457490626,2.075355842203899,3.636124460270004,3.5275949032387754,1.6097563988484933
14.210526842105262,0.47368421052631576,1.4467523411905256,2.0739266665836618,3.6347708252086313,3.5275599902960737,1.6085469657751534
14.210526842105262,0.5263157894736842,1.409182484883088,2.0725124141687292,3.6335059553452322,3.5275258288182627,1.6074189803318257
14.210526842105262,0.5789473684210527,1.3713642967933448,2.071112927479515,3.6323285649855666,3.5274924068885753,1.6063712536997703
14.210526842105262,0.631578947368421,1.3334267909379238,2.0697280526264574,3.631237352392541,3.5274597128982763,1.6054025854384382
14.210526842105262,0.6842105263157894,1.2955344447091626,2.068357639174044,3.6302310011457175,3.527427735535288,1.604511764597189
14.210526842105262,0.7368421052631579,1.2578932906844136,2.067001540011076,3.6293081815057797,3.5273964637733437,1.6036975708274746
14.210526842105262,0.7894736842105263,1.220756936111198,2.0656596112268812,3.6284675517796807,3.527365886861649,1.6029587754922632
14.210526842105262,0.8421052631578947,1.1844318089214803,2.0643317119931144,3.627707759682277,3.5273359943150258,1.6022941427696518
14.210526842105262,0.894736842105263,1.1492805836787328,2.063017704450896,3.6270274436905816,3.527306775904502,1.60170243074778
14.210526842105262,0.9473684210526315,1.1157223681968962,2.0617174536029697,3.626425234386818,3.52727822164833,1.60118239250827
14.210526842105262,1.0,1.084227926829751,2.0604308272106264,3.6258997557868002,3.5272503218034097,1.6007327771956272
15.789474157894736,0.0,1.7636354941472387,2.1189305292449676,3.643512083373926,3.560278260672401,1.6165932259094862
15.789474157894736,0.05263157894736842,1.7332859958946192,2.1172838614883087,3.6418824700174808,3.5602305670675345,1.6151272969822696
15.789474157894736,0.10526315789473684,1.7024674700785856,2.115651198115758,3.6403346122323996,3.560183655454859,1.6137364449226967
15.789474157894736,0.15789473684210525,1.671176524966379,2.1140323953198967,3.638867513756274,3.5601375135195896,1.6124197366258872
15.789474157894736,0.21052631578947367,1.6394131898523354,2.1124273127859414,3.637480162976643,3.5600921292642567,1.6111762276303112
15.789474157894736,0.2631578947368421,1.6071818220553948,2.1108358135605565,3.6361715338205705,3.5600474909970568,1.6100049628549726
15.789474157894736,0.3157894736842105,1.57449220984957,2.1092577639266157,3.634940586660132,3.560003587320753,1.6089049773465276
15.789474157894736,0.3684210526315789,1.5413609070356034,2.1076930332835553,3.6337862692307996,3.5599604071220834,1.607875297033991
15.789474157894736,0.42105263157894735,1.5078128381535247,2.106141494033113,3.632707517559795,3.5599179395616685,1.6069149394888487
15.789474157894736,0.47368421052631576,1.4738832149220003,2.104603021470066,3.631703256901537,3.5598761740643594,1.6060229146883906
15.789474157894736,0.5263157894736842,1.4396198028669187,2.1030774936777754,3.6307724026774224,3.559835100310039,1.6051982257802073
15.789474157894736,0.5789473684210527,1.4050855700188918,2.1015647914282587,3.6299138614172577,3.5597947082248185,1.6044398698458486
15.789474157894736,0.631578947368421,1.3703617337993368,2.1000647980865703,3.6291265316997747,3.559754987972643,1.6037468386617282
15.789474157894736,0.6842105263157894,1.335551193401162,2.09857739951926,3.628409305089789,3.5597159299472354,1.6031181194554924
15.789474157894736,0.7368421052631579,1.3007822875348811,2.097102484006726,3.6277610670696188,3.559677524764424,1.6025526956560803
15.789474157894736,0.7894736842105263,1.2662127449299079,2.0956399421592242,3.6271806979625634,3.559639763254766,1.602049547635871
15.789474157894736,0.8421052631578947,1.2320335912399158,2.09418966683642,3.626667073846311,3.559602636456514,1.6016076534433714
15.789474157894736,0.894736842105263,1.1984726372837586,2.092751553070234,3.6262190674543224,3.559566135608862,1.6012259895250134
15.789474157894736,0.9473684210526315,1.1657970026841973,2.091325497990886,3.6258355490633014,3.5595302521454744,1.600903531434707
15.789474157894736,1.0,1.1343139413695387,2.0899114007559323,3.6255153873650343,3.559494977688294,1.6006392545298869
17.36842147368421,0.0,1.7636354941472387,2.1487380663844067,3.638598342083357,3.5874109195911594,1.6123620821384705
17.36842147368421,0.05263157894736842,1.7355607147865266,2.147059148450081,3.637337037026734,3.58735931023183,1.6112315793548957
17.36842147368421,0.10526315789473684,1.707087132923984,2.145392212885901,3.636144289683001,3.5873084106651,1.610163984983927
17.36842147368421,0.15789473684210525,1.6782120322386547,2.1437371494052355,3.635019226249692,3.587258210626178,1.6091584894550395
17.36842147368421,0.21052631578947367,1.648935143392352,2.1420938502533273,3.6339609642466586,3.5872087000919897,1.6082142771004317
17.36842147368421,0.2631578947368421,1.6192592392823042,2.1404622101194453,3.6329686131760615,3.5871598692730555,1.6073305266922886
17.36842147368421,0.3157894736842105,1.589190848451115,2.138842126052713,3.632041275185891,3.5871117086056983,1.6065064119813157
17.36842147368421,0.3684210526315789,1.5587411066332595,2.1372334973814135,3.6311780457353,3.5870642087446103,1.6057411022352819
17.36842147368421,0.42105263157894735,1.5279267682821354,2.135636225635622,3.630378014260099,3.5870173605557123,1.6050337627763207
17.36842147368421,0.47368421052631576,1.496771401108097,2.1340502144729983,3.629640264836848,3.5869711551093264,1.6043835555158479
17.36842147368421,0.5263157894736842,1.4653067865752671,2.1324753696075653,3.6289638768439856,3.586925583673626,1.6037896394859308
17.36842147368421,0.5789473684210527,1.433574547084798,2.130911598741349,3.6283479256186006,3.5868806377083575,1.6032511713661053
17.36842147368421,0.631578947368421,1.4016280149833693,2.1293588114987534,3.627791483107435,3.586836308858821,1.6027673060045857
17.36842147368421,0.6842105263157894,1.3695343478994548,2.127816919363508,3.6272936185108335,3.5867925889500905,1.6023371969329379
17.36842147368421,0.7368421052631579,1.3373768770459709,2.1262858356181003,3.626853398918397,3.5867494699814673,1.6019599968733278
17.36842147368421,0.7894736842105263,1.3052576473770616,2.1247654752855545,3.6264698899352115,3.5867069441211576,1.6016348582375037
17.36842147368421,0.8421052631578947,1.2733000679033146,2.1232557550734716,3.6261421562975533,3.5866650037011545,1.6013609336167536
17.36842147368421,0.894736842105263,1.2416515343082257,2.1217565933201863,3.6258692624770834,3.5866236412123222,1.601137376262086
17.36842147368421,0.9473684210526315,1.2104858126854448,2.120267909943005,3.6256502732726026,3.586582849299676,1.6009633405540116
17.36842147368421,1.0,1.1800048839128285,2.1187896263883848,3.625484254388521,3.5865426207578297,1.6008379824613084
18.947368789473682,0.0,1.7636354941472383,2.176138544128649,3.6350361692906477,3.6104727724832335,1.6093375044882714
18.947368789473682,0.05263157894736842,1.7375189625329521,2.1744635629360927,3.6340617829088027,3.6104188308549836,1.6084679572240126
18.947368789473682,0.10526315789473684,1.7110592304312546,2.1727988792790454,3.6331453751539033,3.6103655336622817,1.6076515931738842
18.947368789473682,0.15789473684210525,1.684254092306096,2.1711444065992898,3.6322861882039055,3.6103128722851716,1.60688771557871
18.947368789473682,0.21052631578947367,1.6571031389480382,2.1695000602178967,3.631483459630156,3.610260838290565,1.6061756247222054
18.947368789473682,0.2631578947368421,1.62960816109818,2.167865757274872,3.6307364228778756,3.6102094234264515,1.6055146183171516
18.947368789473682,0.3157894736842105,1.6017736271630563,2.1662414166711588,3.6300443077451745,3.610158619616329,1.6049039918896026
18.947368789473682,0.3684210526315789,1.573607246694141,2.1646269590128613,3.6294063408596346,3.610108418953865,1.6043430391603692
18.947368789473682,0.42105263157894735,1.5451206323857753,2.1630223065575853,3.6288217461515275,3.610058813697759,1.6038310524231407
18.947368789473682,0.47368421052631576,1.5163300741361243,2.161427383162836,3.628289745322806,3.610009796266808,1.6033673229185763
18.947368789473682,0.5263157894736842,1.4872574389670077,2.1598421142363446,3.6278095583110432,3.609961359235165,1.602951141203788
18.947368789473682,0.5789473684210527,1.457931209948807,2.15826642668823,3.627380403747531,3.609913495327777,1.6025817975166339
18.947368789473682,0.631578947368421,1.428387675218549,2.156700248884949,3.6270014994087836,3.6098661974159914,1.6022585821342825
18.947368789473682,0.6842105263157894,1.3986722740243764,2.1551435106049452,3.6266720626608104,3.6098194585133374,1.6019807857255732
18.947368789473682,0.7368421052631579,1.3688410995761922,2.153596142995879,3.6263913108954458,3.6097732717714552,1.6017476996966966
18.947368789473682,0.7894736842105263,1.3389625472030766,2.1520580785334475,3.6261584619581955,3.609727630476183,1.60155861652976
18.947368789473682,0.8421052631578947,1.3091190795877816,2.1505292509816494,3.625972734567022,3.6096825280437836,1.6014128301138721
18.947368789473682,0.894736842105263,1.279409057248366,2.1490095953544848,3.6258333487215775,3.609637958017308,1.6013096360683765
18.947368789473682,0.9473684210526315,1.2499485506877184,2.1474990478790144,3.625739526102414,3.609593914063092,1.6012483320578903
18.947368789473682,1.0,1.2208730100202798,2.1459975459596965,3.6256904904597667,3.609550389967382,1.6012282180989046
20.526316105263156,0.0,1.7636354941472383,2.201024675323566,3.632462459154529,3.6303123496444023,1.6071915331278872
20.526316105263156,0.05263157894736842,1.7392223711241386,2.1993750222726907,3.6317138993983873,3.6302571467733764,1.6065271567809156
20.526316105263156,0.10526315789473684,1.7145108122680688,2.1977342814316767,3.6310147771593244,3.6302025299728613,1.6059081280112066
20.526316105263156,0.15789473684210525,1.6894990044028402,2.1961023834573723,3.630364438424987,3.6301484919483538,1.605333848844605
20.526316105263156,0.21052631578947367,1.664186482677989,2.194479260430042,3.6297622270364256,3.6300950255518414,1.6048037202011454
20.526316105263156,0.2631578947368421,1.6385744120159436,2.1928648458109388,3.629207485035611,3.6300421237775917,1.6043171421716909
20.526316105263156,0.3157894736842105,1.6126659166000255,2.1912590744013976,3.6286995530098167,3.6299897797580956,1.603873514291627
20.526316105263156,0.3684210526315789,1.5864664644847408,2.1896618823034086,3.628237770432302,3.6299379867601598,1.603472235811228
20.526316105263156,0.42105263157894735,1.5599843150518644,2.188073206881601,3.6278214759987977,3.629886738181147,1.6031127059623402
20.526316105263156,0.47368421052631576,1.5332310375467995,2.186492986726557,3.627450007959313,3.6298360275453407,1.6027943242209997
22.10526342105263,0.0,1.7636354941472379,2.2235178397437636,3.6306196312769283,3.647558557323169,1.6056922587123785
22.10526342105263,0.05263157894736842,1.7407175678445392,2.221905743043296,3.6300504955112043,3.6475028269774032,1.605190747074153
22.10526342105263,0.10526315789473684,1.7175377708352562,2.2203014203009412,3.6295238472134654,3.647447630890628,1.6047282158816643
22.10526342105263,0.15789473684210525,1.694094595726777,2.218704814978797,3.6290391226416405,3.6473929628435102,1.6043041518254049
22.10526342105263,0.21052631578947367,1.6703875668472272,2.2171158716361763,3.62859575737385,3.647338816733045,1.6039180415601009
22.10526342105263,0.2631578947368421,1.6464174413090853,2.215534535899146,3.628193186559788,3.647285186569434,1.6035693719032644
22.10526342105263,0.3157894736842105,1.6221864421400343,2.2139607544310866,3.6278308451686883,3.647232066473081,1.6032576300308203
22.10526342105263,0.3684210526315789,1.5976985279197815,2.2123944749042503,3.6275081682336032,3.6471794506716866,1.602982303669618
22.10526342105263,0.42105263157894735,1.572959703753278,2.2108356459722573,3.6272245910916814,3.6471273334974414,1.6027428812865823
22.10526342105263,0.47368421052631576,1.5479783787398689,2.20928421724351,3.626979549620187,3.647075709384314,1.6025388522743287
20.526316105263156,0.5263157894736842,1.5062221091967036,2.1849211616194135,3.627122704444786,3.629785848500455,1.6025164905656843
20.526316105263156,0.5789473684210527,1.478977601274257,2.183357672497708,3.6268389037881996,3.629736194814263,1.602278605730887
20.526316105263156,0.631578947368421,1.451522960705775,2.1818024614223788,3.6265979448397188,3.629687060371338,1.6020800714557308
20.526316105263156,0.6842105263157894,1.4238898931289095,2.1802554715459372,3.6263991672755234,3.629638439169921,1.6019202907273589
20.526316105263156,0.7368421052631579,1.3961173502898805,2.1787166470816883,3.626241911899974,3.629590325318889,1.6017986680188714
20.526316105263156,0.7894736842105263,1.3682526198348914,2.1771859332740098,3.626125520940828,3.629542713034831,1.601714609521587
20.526316105263156,0.8421052631578947,1.340352508292576,2.1756632763696224,3.6260493383371974,3.6294955966392233,1.601667523371427
20.526316105263156,0.894736842105263,1.3124845976773805,2.1741486235898284,3.626012710020029,3.6294489705557034,1.6016568198692627
20.526316105263156,0.9473684210526315,1.2847285419541346,2.172641923103663,3.626014984184845,3.62940282930743,1.6016819116950436
20.526316105263156,1.0,1.25717735096754,2.1711431240019152,3.626055511556585,3.629357167514543,1.601742214115598
22.10526342105263,0.5263157894736842,1.5227657753108106,2.2077401392554745,3.6267724804680155,3.6470245728654356,1.6023697071330627
22.10526342105263,0.5789473684210527,1.4973363958284727,2.20620336344982,3.6266028212824746,3.64697391857057,1.6022349376486287
22.10526342105263,0.631578947368421,1.4717085515657886,2.204673842148333,3.626470010931126,3.6469237412236524,1.6021340370665107
22.10526342105263,0.6842105263157894,1.4459049584753392,2.2031515285296424,3.6263734897184774,3.6468740356404443,1.6020665002616812
22.10526342105263,0.7368421052631579,1.4199534028327598,2.2016363766066616,3.6263126995973747,3.6468247967262255,1.602031823904175
22.10526342105263,0.7894736842105263,1.3938874776689523,2.200128341204761,3.6262870843749218,3.6467760194735845,1.6020295066202688
22.10526342105263,0.8421052631578947,1.367747387607416,2.1986273779406273,3.6262960899127994,3.646727698960275,1.6020590491491846
22.10526342105263,0.894736842105263,1.3415808149649102,2.197133443201784,3.626339164321831,3.646679830347142,1.6021199544951978
22.10526342105263,0.9473684210526315,1.315443833387017,2.1956464941267484,3.6264157581507415,3.646632408876107,1.6022117280751313
22.10526342105263,1.0,1.2894018465025205,2.1941664885857968,3.6265253245689597,3.6465854298682263,1.6023338778611202
23.684210736842104,0.0,1.7636354941472387,2.2438271127162,3.6293223933552547,3.662687141725507,1.6046733505419957
23.684210736842104,0.05263157894736842,1.7420404739692106,2.242259146145677,3.628897035954239,3.6626313907242602,1.6043022427441411
23.684210736842104,0.10526315789473684,1.7202138316267326,2.2406980136347854,3.6285084649807695,3.6625761280760782,1.6039648972267369
23.684210736842104,0.15789473684210525,1.698154301224495,2.2391436683904646,3.628156194009383,3.6625213484403414,1.6036608724613994
23.684210736842104,0.21052631578947367,1.6758614197185189,2.237596064478589,3.627839736790344,3.662467046569905,1.6033897274813342
23.684210736842104,0.2631578947368421,1.65333567362791,2.2360551568016818,3.6275586074321704,3.662413217308749,1.6031510220245764
23.684210736842104,0.3157894736842105,1.6305786677021825,2.2345209010773,3.627312320581041,3.6623598555897146,1.6029443166746633
23.684210736842104,0.3684210526315789,1.6075933184076017,2.2329932538171433,3.6271003915969384,3.6623069564323045,1.6027691729986182
23.684210736842104,0.42105263157894735,1.5843840753411158,2.231472172306799,3.626922336726346,3.662254514940569,1.6026251536821225
23.684210736842104,0.47368421052631576,1.560957173894088,2.229957614586116,3.626777673271392,3.662202526301043,1.602511822661801
23.684210736842104,0.5263157894736842,1.5373209226438793,2.2284495394301964,3.6266659197552578,3.6621509857807553,1.6024287452544976
23.684210736842104,0.5789473684210527,1.5134860290114163,2.2269479063309716,3.626586596083764,3.662099888725305,1.6023754882834558
23.684210736842104,0.631578947368421,1.4894659666369807,2.22545267547932,3.6265392237030025,3.66204923055699,1.6023516202013546
23.684210736842104,0.6842105263157894,1.465277387626825,2.2239638077477593,3.62652332575293,3.6619990067729984,1.602356711210096
23.684210736842104,0.7368421052631579,1.4409405822228127,2.2224812646736374,3.626538427216821,3.6619492129436506,1.6023903333773062
23.684210736842104,0.7894736842105263,1.416479987434902,2.2210050084428423,3.6265840550665094,3.661899844710701,1.602452060749482
23.684210736842104,0.8421052631578947,1.3919247446149685,2.2195350018739695,3.6266597384033457,3.661850897785689,1.6025414694617537
23.684210736842104,0.894736842105263,1.3673093036760064,2.2180712084030008,3.6267650085948233,3.661802367948339,1.6026581378442049
23.684210736842104,0.9473684210526315,1.3426740684848677,2.2166135920683803,3.6268993994068164,3.661754251045005,1.6028016465247419
23.684210736842104,1.0,1.3180660736755543,2.2151621174965856,3.6270624471313884,3.6617065429871696,1.6029715785284628
25.263158052631578,0.0,1.7636354941472383,2.2621834699269043,3.6284357316379308,3.676064492703155,1.6040139588776998
25.263158052631578,0.05263157894736842,1.743219207234671,2.26066271970754,3.628126477313657,3.676009072261225,1.6037480748602233
25.263158052631578,0.10526315789473684,1.7225966029174975,2.2591480216638926,3.627849295519439,3.6759540994853794,1.6035116408156012
25.263158052631578,0.15789473684210525,1.7017666083576313,2.257639336569068,3.6276037655528475,3.6758995697587142,1.6033042757811287
25.263158052631578,0.21052631578947367,1.6807287848035486,2.256136625877854,3.6273894673671765,3.6758454785402552,1.6031255996680385
25.263158052631578,0.2631578947368421,1.6594834366598779,2.2546398517101243,3.6272059817047237,3.675791821363156,1.6029752333655085
25.263158052631578,0.3157894736842105,1.6380317359299965,2.253148976834728,3.627052890227434,3.675738593832974,1.6028527988425558
25.263158052631578,0.3684210526315789,1.616375863926703,2.251663964653859,3.6269297756448107,3.675685791625983,1.6027579192477093
25.263158052631578,0.42105263157894735,1.5945191723028465,2.2501847791879,3.626836221839022,3.6756334104875514,1.6026902190064276
25.263158052631578,0.47368421052631576,1.5724663655944433,2.2487113850606946,3.6267718139871072,3.675581446230554,1.6026493239162167
25.263158052631578,0.5263157894736842,1.5502237075792864,2.24724374748527,3.6267361386802,3.6755298947338417,1.6026348612393384
25.263158052631578,0.5789473684210527,1.5277992538149292,2.245781832249961,3.626728784039743,3.675478751940756,1.6026464597931454
25.263158052631578,0.631578947368421,1.5052031127054257,2.244325605704938,3.6267493398305906,3.67542801385768,1.6026837500379414
25.263158052631578,0.6842105263157894,1.4824477373219525,2.242875034749126,3.6267973975709835,3.675377676552639,1.602746364162364
25.263158052631578,0.7368421052631579,1.4595482499246941,2.2414300868174855,3.62687255063933,3.675327736153937,1.6028339361662358
25.263158052631578,0.7894736842105263,1.4365228006461324,2.2399907298686665,3.6269743943777732,3.675278188848837,1.6029461019409001
25.263158052631578,0.8421052631578947,1.413392961030141,2.2385569323729944,3.6271025261925036,3.6752290308822744,1.6030824993469694
25.263158052631578,0.894736842105263,1.3901841519936877,2.23712866330082,3.6272565456507913,3.67518025855561,1.6032427682895172
25.263158052631578,0.9473684210526315,1.366926104190994,2.2357058921111452,3.6274360545747366,3.6751318682254173,1.6034265507906802
25.263158052631578,1.0,1.3436533466037566,2.2342885887406245,3.627640657131704,3.6750838563023014,1.6036334910596555
26.842105368421052,0.0,1.7636354941472367,2.278810396302246,3.627860106947309,3.687977276413423,1.60362524166758
26.842105368421052,0.05263157894736842,1.7442760895268699,2.2773378027874105,3.6276452537051194,3.6879224293731854,1.6034448498495282
26.842105368421052,0.10526315789473684,1.724731748198596,2.2758706056024827,3.6274585450531496,3.687867993879647,1.603290315649602
26.842105368421052,0.15789473684210525,1.7050015533803335,2.2744087714983663,3.627299615984166,3.687813965916506,1.6031613091440053
26.842105368421052,0.21052631578947367,1.6850850957273587,2.2729522677736598,3.6271681023967206,3.6877603415297426,1.6030575014245365
26.842105368421052,0.2631578947368421,1.6649825557734366,2.271501062262111,3.627063641193153,3.6877071168262328,1.6029785646746948
26.842105368421052,0.3157894736842105,1.6446947973524673,2.270055123320401,3.6269858703754103,3.687654287972409,1.6029241722440501
26.842105368421052,0.3684210526315789,1.624223473283688,2.268614419816295,3.626934429138681,3.687601851192957,1.6028939987208488
26.842105368421052,0.42105263157894735,1.6035711447059655,2.26717892111712,3.6269089579627427,3.687549802769547,1.60288772000283
26.842105368421052,0.47368421052631576,1.5827414155406712,2.2657485970785447,3.626909098701035,3.6874981390396027,1.6029050133662126
26.842105368421052,0.5263157894736842,1.5617390836402698,2.2643234180337104,3.6269344946673727,3.687446856395105,1.6029455575328386
26.842105368421052,0.5789473684210527,1.5405703102307449,2.2629033547826176,3.6269847907203,3.687395951281435,1.6030090327354427
26.842105368421052,0.631578947368421,1.5192428092664243,2.2614883785818267,3.627059633345037,3.687345420196236,1.6030951207810153
26.842105368421052,0.6842105263157894,1.4977660582678594,2.2600784611344356,3.6271586707330012,3.6872952596883213,1.6032035051122935
26.842105368421052,0.7368421052631579,1.4761515320839007,2.258673574580333,3.6272815528588924,3.687245466356601,1.6033338708672846
26.842105368421052,0.7894736842105263,1.4544129607789045,2.257273691486695,3.6274279315553084,3.687196036849043,1.603485904936913
26.842105368421052,0.8421052631578947,1.4325666124591796,2.2558787848387545,3.627597460584897,3.687146967861665,1.6036592960206775
26.842105368421052,0.894736842105263,1.410631601275453,2.254488828030809,3.6277897957100333,3.6870982561375434,1.6038537346804271
26.842105368421052,0.9473684210526315,1.388630220018851,2.25310379485746,3.628004594760007,3.6870498984658657,1.6040689133921437
26.842105368421052,1.0,1.366588295607143,2.2517236595050942,3.628241517695734,3.687001891680988,1.6043045265958227
1e-06,0.0,1.7636354941472385,3.0457571574976945,4.226576093212452,3.0457570171344486,2.156134056570685
1e-06,0.05263157894736842,1.609843528307747,3.04575721690335,4.199533635050707,3.045757016666853,2.130525976936106
1e-06,0.10526315789473684,1.4405864410563958,3.0457570051326424,4.172759705015554,3.045757016165734,2.1051846078352927
1e-06,0.15789473684210525,1.2579651756396888,3.0457572162310367,4.146253518976925,3.045757015637372,2.0801118954645856
1e-06,0.21052631578947367,1.0756541559989807,3.0457571541601145,4.120018065096894,3.0457570150789945,2.055313201504892
1e-06,0.2631578947368421,0.9339971263482605,3.0457572154782637,4.094059990320667,3.0457570144941783,2.0307971961379394
1e-06,0.3157894736842105,0.8952804222430585,3.045757215074275,4.068389528176359,3.0457570138836947,2.0065757819635985
1e-06,0.3684210526315789,0.9744326206284218,3.045757222389187,4.043020455475184,3.0457570132489176,1.9826640379269176
1e-06,0.42105263157894735,1.1159196835625214,3.0457572142211107,4.017970066839911,3.045757012591083,1.9590801734705763
1e-06,0.47368421052631576,1.2680071879602095,3.045757213775477,3.9932591567262916,3.0457570119110473,1.9358454837881605
28.421052684210526,0.5263157894736842,1.5720785505711177,2.2798785011305323,3.6272252790589894,3.698128543051462,1.6033298198041999
28.421052684210526,0.5789473684210527,1.5520342966833962,2.278500882087758,3.6273219572316924,3.698078077692981,1.6034349621916335
28.421052684210526,0.631578947368421,1.5318434326462993,2.277127838995587,3.6274403584016146,3.6980279587957052,1.6035601319503228
28.421052684210526,0.6842105263157894,1.5115132839912373,2.275759347445115,3.627580177955373,3.697978183315631,1.603705055127784
28.421052684210526,0.7368421052631579,1.4910526973323648,2.2743953833867954,3.6277411129405817,3.6979287482507113,1.6038694593252572
28.421052684210526,0.7894736842105263,1.4704722291196415,2.273035923123016,3.627922862120141,3.697879650640035,1.6040530737394374
28.421052684210526,0.8421052631578947,1.4497843523941634,2.271680943300934,3.6281251260246603,3.697830887563018,1.6042556292027637
28.421052684210526,0.894736842105263,1.4290036819770624,2.270330420905445,3.62834760700299,3.697782456138618,1.6044768582222164
28.421052684210526,0.9473684210526315,1.4081472180875705,2.268984333252342,3.628590009270883,3.6977343535245764,1.6047164950166706
28.421052684210526,1.0,1.3872346077862214,2.267642657981656,3.628852038957764,3.6976865769166625,1.6049742755527663
28.421052684210526,0.0,1.763635494147238,2.2939120115205642,3.6275213466564833,3.6986529534517896,1.603441190903621
28.421052684210526,0.05263157894736842,1.7452290656138638,2.292487205740695,3.627383718269984,3.6985988461934447,1.6033306831496865
28.421052684210526,0.10526315789473684,1.7266559271220323,2.2910672415355564,3.6272709370886567,3.6985451183424436,1.6032430175181005
28.421052684210526,0.15789473684210525,1.7079152893230445,2.2896520904508204,3.627182685285133,3.6984917663845547,1.6031779071357783
28.421052684210526,0.21052631578947367,1.6890067737635408,2.288241724477102,3.627118646048225,3.6984387868571083,1.6031350661861032
28.421052684210526,0.2631578947368421,1.669930476130124,2.2868361160403468,3.627078503655511,3.6983861763479022,1.6031142099650288
28.421052684210526,0.3157894736842105,1.6506870374780427,2.2854352379924205,3.627061943544154,3.698333931494161,1.6031150549357982
28.421052684210526,0.3684210526315789,1.6312777243305003,2.284039063602035,3.6270686523799824,3.6982820489815036,1.6031373187822773
28.421052684210526,0.42105263157894735,1.6117045186035226,2.2826475665458217,3.6270983181247725,3.698230525542951,1.6031807204608717
28.421052684210526,0.47368421052631576,1.591970218374987,2.2812607208997164,3.6271506301017005,3.698179357957957,1.6032449802510091
30.0,0.0,1.763635494147238,2.307669504085972,3.6273636438243573,3.7082742845437933,1.6034122943337252
30.0,0.05263157894736842,1.7460927249365137,2.3062913333819197,3.627289528798991,3.708221028929333,1.6033592164744048
30.0,0.10526315789473684,1.7283989088746212,2.304917531189151,3.627237473332852,3.7081681240462503,1.6033264311522653
30.0,0.15789473684210525,1.7105533616453799,2.3035480729501563,3.627207199618146,3.7081155668029475,1.6033136878897105
30.0,0.21052631578947367,1.692555735196868,2.3021829344725417,3.627198430890042,3.7080633541508656,1.6033207372484368
30.0,0.2631578947368421,1.6744060669108547,2.300822091921565,3.6272108914808197,3.708011483083613,1.6033473308711037
30.0,0.3157894736842105,1.656104834671363,2.2994655218128117,3.6272443068726328,3.7079599506361496,1.6033932215219184
30.0,0.3684210526315789,1.6376530184563092,2.2981132010051097,3.627298403748873,3.7079087538839617,1.603458163126125
30.0,0.42105263157894735,1.619052169122639,2.296765106693604,3.6273729100441203,3.707857889942279,1.603541910808379
30.0,0.47368421052631576,1.6003044850992325,2.295421216402976,3.627467554992665,3.7078073559652918,1.603644220930018
30.0,0.5263157894736842,1.5814128977404711,2.294081507980902,3.6275820691756038,3.7077571491454178,1.6037648511252003
30.0,0.5789473684210527,1.5623811661234779,2.2927459595915916,3.627716184566495,3.7077072667125472,1.603903560335932
30.0,0.631578947368421,1.5432139820893682,2.2914145497095544,3.6278696345755708,3.707657705933347,1.6040601088459545
30.0,0.6842105263157894,1.5239170863277587,2.2900872571134836,3.6280421540925065,3.7076084641105544,1.6042342583135292
30.0,0.7368421052631579,1.504497396277313,2.2887640608803004,3.62823347952774,3.7075595385822986,1.6044257718030632
30.0,0.7894736842105263,1.484963146554454,2.2874449403793307,3.6284433488523464,3.707510926721443,1.6046344138156416
30.0,0.8421052631578947,1.465324042516675,2.2861298752666577,3.628671501636478,3.7074626259349337,1.604859950318418
30.0,0.894736842105263,1.4455914274031785,2.2848188454795566,3.628917679086362,3.707414633663169,1.6051021487728998
30.0,0.9473684210526315,1.425778463257956,2.2835118312311207,3.6291816240798602,3.707366947379388,1.6053607781621038
30.0,1.0,1.4059003255109348,2.282208813004956,3.6294630812006186,3.7073195645890697,1.6056356090166342
